Track ID,Track Name,Album Name,Artist Name(s),Release Date,Duration (ms),Popularity,Added By,Added At,Genres,Record Label,				Danceability,Energy,Key,Loudness,Mode,Speechiness,Acousticness,Instrumentalness,Liveness,Valence,Tempo,Time Signature
5dmPNuHmRRJuHmJTDa7NuJ,"Bambi","Bambi","Hippo Campus",2018-09-28,194400,49,s82h1sjjbsh8hjcl5n2cvahcr,2021-05-27T04:21:34Z,"modern rock,pov: indie","Grand Jury",0.739,0.471,8,-8.456,1,0.0436,0.0661,0.0000978,0.116,0.31,90.002,4
6iCJCZqDJjmBxt07Oid6FI,"Buttercup","Landmark","Hippo Campus",2017-02-24,226610,57,s82h1sjjbsh8hjcl5n2cvahcr,2021-05-27T04:35:06Z,"modern rock,pov: indie","Grand Jury (RED)",0.623,0.763,9,-4.412,1,0.0719,0.199,0.00000652,0.126,0.199,108.871,4
6ReKt5x6FVUXTMdWNC6GAQ,"Lotus Eater","Sacred Hearts Club","Foster The People",2017-07-21,182653,54,s82h1sjjbsh8hjcl5n2cvahcr,2021-05-02T07:36:11Z,"indietronica,modern alternative rock,modern rock,rock","Columbia",0.597,0.733,11,-4.727,0,0.11,0.00457,0.00191,0.501,0.866,87.479,4
4BdGO1CaObRD4La9l5Zanz,"Sit Next to Me","Sacred Hearts Club","Foster The People",2017-07-21,243146,73,s82h1sjjbsh8hjcl5n2cvahcr,2024-06-08T19:20:58Z,"indietronica,modern alternative rock,modern rock,rock","Columbia",0.638,0.738,6,-4.976,0,0.0292,0.117,0.000384,0.689,0.657,97.021,4
5iSEsR6NKjlC9SrIJkyL3k,"Pursuit Of Happiness (Nightmare)","Man On The Moon: The End Of Day","Kid Cudi,MGMT,Ratatat",2009-09-15,295293,67,s82h1sjjbsh8hjcl5n2cvahcr,2021-05-15T04:41:38Z,"hip hop,ohio hip hop,pop rap,rap,alternative rock,indie rock,indietronica,modern rock,rock,brooklyn indie","Kid Cudi/Universal Records",0.629,0.606,0,-8.951,1,0.0412,0.484,0.0001,0.298,0.288,115.275,4
30KctD1WsHKTIYczXjip5a,"Tequila Shots","Man On The Moon III: The Chosen","Kid Cudi",2020-12-11,193293,63,s82h1sjjbsh8hjcl5n2cvahcr,2023-11-29T22:42:18Z,"hip hop,ohio hip hop,pop rap,rap","Republic Records",0.712,0.556,5,-7.214,0,0.0531,0.084,0.0000504,0.527,0.22,90.494,4
7f2voPcnDEAzX4yB8SLnU2,"Lord I Know","Man On The Moon III: The Chosen","Kid Cudi",2020-12-11,212040,44,s82h1sjjbsh8hjcl5n2cvahcr,2023-11-29T22:42:18Z,"hip hop,ohio hip hop,pop rap,rap","Republic Records",0.613,0.572,0,-9.6,1,0.157,0.583,0.295,0.102,0.0389,180.061,4
5CFJRZRq6sdKKtRwNPWbYv,"Show Out (with Skepta & Pop Smoke)","Man On The Moon III: The Chosen","Kid Cudi,Skepta,Pop Smoke",2020-12-11,174960,61,s82h1sjjbsh8hjcl5n2cvahcr,2023-11-29T22:42:18Z,"hip hop,ohio hip hop,pop rap,rap,birmingham grime,grime,instrumental grime,uk hip hop,brooklyn drill","Republic Records",0.619,0.589,1,-6.531,1,0.124,0.43,0.000392,0.378,0.158,143.896,4
0RbcDELsGTciLeMGsSdJAc,"Broken Boy","Social Cues","Cage The Elephant",2019-04-19,163200,58,s82h1sjjbsh8hjcl5n2cvahcr,2021-05-29T06:28:31Z,"modern alternative rock,modern rock,pov: indie,punk blues,rock","RCA Records Label",0.52,0.931,4,-3.051,1,0.0969,0.0018,0.000306,0.115,0.557,166.018,4
4Y6GIje3GErVRIq1Ff5BJq,"Black Madonna","Social Cues","Cage The Elephant",2019-04-19,226533,59,s82h1sjjbsh8hjcl5n2cvahcr,2021-05-29T06:30:47Z,"modern alternative rock,modern rock,pov: indie,punk blues,rock","RCA Records Label",0.705,0.728,4,-3.184,0,0.035,0.00122,0.0693,0.0753,0.966,109.991,4
4UyAtnwhaKv7EG1BdkBYRI,"Ready To Let Go","Social Cues","Cage The Elephant",2019-04-19,187973,60,s82h1sjjbsh8hjcl5n2cvahcr,2021-06-05T02:40:53Z,"modern alternative rock,modern rock,pov: indie,punk blues,rock","RCA Records Label",0.719,0.895,1,-3.263,1,0.0371,0.011,0.0000365,0.0731,0.745,100.962,4
37y7iDayfwm3WXn5BiAoRk,"Dark Red","Dark Red","Steve Lacy",2017-02-20,173104,3,s82h1sjjbsh8hjcl5n2cvahcr,2021-06-07T01:09:35Z,"afrofuturism","Three Quarter",0.603,0.783,6,-4.023,1,0.062,0.449,0.00000796,0.119,0.775,172.041,4
0lrtYwuy37bJzsO2LHz2kj,"Cabinet Man","Spirit Phone","Lemon Demon",2016-02-29,262675,57,s82h1sjjbsh8hjcl5n2cvahcr,2021-06-23T05:53:11Z,"indietronica,pov: indie","Lemon Demon",0.725,0.497,10,-7.929,1,0.057,0.0519,0.017,0.137,0.954,171.988,4
1F5A4LpF8ylUVtPoMAvNvn,"Raspberry","Spreading Rumours","GROUPLOVE",2013-09-17,196026,58,s82h1sjjbsh8hjcl5n2cvahcr,2021-06-24T06:57:57Z,"indie rock,la indie,modern alternative rock,modern rock,pov: indie","Canvasback/ATL",0.492,0.779,3,-5.022,1,0.0498,0.0292,0,0.129,0.445,104.966,4
64TjzuxG5PJ7payjphrOC0,"South","South - Single","Hippo Campus",2015-08-03,231468,54,s82h1sjjbsh8hjcl5n2cvahcr,2021-06-29T02:45:26Z,"modern rock,pov: indie","Grand Jury Music",0.532,0.548,1,-6.521,1,0.0291,0.174,0.0033,0.108,0.443,130.114,4
0scQIzgcOhnmfqfOTpRUFH,"Suicide Saturday","Bashful Creatures","Hippo Campus",2015-02-24,212885,49,s82h1sjjbsh8hjcl5n2cvahcr,2021-06-29T02:45:46Z,"modern rock,pov: indie","Grand Jury Music",0.443,0.719,5,-5.555,1,0.033,0.0225,0,0.227,0.559,155.895,4
5M7IGym8CgSVOMNvDAGheL,"Guru","Coast Modern","Coast Modern",2017-07-28,204066,1,s82h1sjjbsh8hjcl5n2cvahcr,2021-06-29T02:45:54Z,"indie poptimism,modern alternative rock,modern rock","+1 Records",0.76,0.674,3,-6.425,1,0.0411,0.231,0.0027,0.0728,0.797,140.022,4
0lkQOB949M2gLyut86aJ1b,"Cigarette Daydreams","Melophobia","Cage The Elephant",2013-10-08,208760,0,s82h1sjjbsh8hjcl5n2cvahcr,2021-08-01T06:33:23Z,"modern alternative rock,modern rock,pov: indie,punk blues,rock","RCA/Legacy",0.636,0.676,2,-3.442,1,0.0263,0.0807,0,0.0831,0.273,113.98,4
6CES1554HcWMIVroJfmmBm,"Way It Goes","Landmark","Hippo Campus",2017-02-24,245456,56,s82h1sjjbsh8hjcl5n2cvahcr,2021-08-11T03:07:49Z,"modern rock,pov: indie","Grand Jury (RED)",0.542,0.906,9,-4.213,1,0.0491,0.021,0.00043,0.377,0.515,120.014,4
6NbLlTH71bOgfTtFVY9HRm,"Violet","South","Hippo Campus",2015-10-02,245662,38,s82h1sjjbsh8hjcl5n2cvahcr,2021-09-02T14:10:52Z,"modern rock,pov: indie","Grand Jury Music",0.253,0.845,4,-3.382,1,0.0659,0.00826,0.0000499,0.0532,0.442,167.352,4
7up5MwPUHQdv4DkzQRHRWP,"Pure Souls","Donda","Kanye West",2021-08-29,358621,0,s82h1sjjbsh8hjcl5n2cvahcr,2021-09-17T06:48:53Z,"chicago rap,hip hop,rap","Rock The World/IDJ/Kanye LP7",0.381,0.528,5,-6.997,1,0.0449,0.102,0,0.269,0.256,97.207,4
5SVdsAbdlxHOnhp4azH85D,"End of It","End of It","Friday Pilots Club",2017-10-23,209514,0,s82h1sjjbsh8hjcl5n2cvahcr,2021-10-26T05:36:42Z,"indie rockism,modern alternative rock","Friday Pilots Club",0.697,0.551,4,-9.954,0,0.046,0.0132,0,0.0604,0.784,100.975,4
5erGUceK8ieHWtTXdnGP65,"Dirty Imbecile","Awfully Apeelin'","The Happy Fits",2016-08-27,239612,0,s82h1sjjbsh8hjcl5n2cvahcr,2021-10-26T06:15:58Z,"modern folk rock,new jersey indie,pov: indie","The Happy Fits",0.834,0.531,3,-10.45,1,0.16,0.48,0,0.0957,0.39,99.999,4
2ZV2BPm2SmqCZEGCfjQdpX,"New Again","Donda (Deluxe)","Kanye West",2021-11-14,183296,46,s82h1sjjbsh8hjcl5n2cvahcr,2021-11-15T06:28:17Z,"chicago rap,hip hop,rap","Getting Out Our Dreams II, LLC / Def Jam Recordings",0.594,0.669,6,-4.683,0,0.202,0.0573,0,0.409,0.263,91.371,4
7Dgt0TvvmEnKMRBoU8GF3C,"Terrible Things","Bangs","Brick + Mortar",2013-01-01,233066,48,s82h1sjjbsh8hjcl5n2cvahcr,2021-12-02T06:36:29Z,"asbury park indie,modern alternative rock","Photo Finish / Island Records",0.512,0.915,7,-4.855,1,0.134,0.126,0.0000675,0.375,0.383,150.038,4
06sjLQOl9L7XQsSYxXP9x8,"No Hands","Love Sunshine & Hysteria","Attica Riots",2018-01-19,223385,0,s82h1sjjbsh8hjcl5n2cvahcr,2021-12-02T06:37:33Z,"manitoba indie","Five Seven Music",0.736,0.779,11,-4.53,1,0.0334,0.000589,0.00000869,0.36,0.904,126.021,4
7broZuoPqweYhIfDqMmFQx,"Electrify","Evil Plans (Deluxe Edition)","Magic Bronson",2019-06-07,214120,24,s82h1sjjbsh8hjcl5n2cvahcr,2021-12-02T06:37:38Z,"la indie","Handwritten Records",0.647,0.714,5,-7.225,1,0.0359,0.0464,0.0000166,0.369,0.492,97.508,4
37adYGaYaAWTGhBaOzX4Fh,"Take A Slice","How To Be A Human Being","Glass Animals",2016-08-26,229717,72,s82h1sjjbsh8hjcl5n2cvahcr,2022-01-01T02:22:01Z,"gauze pop,indietronica,modern rock,pov: indie,shiver pop","Wolf Tone",0.623,0.661,9,-7,1,0.1,0.0212,0.000229,0.267,0.63,151.97,4
0RlXTPB45QFzwniFiRp0Dw,"Wake Me Up","Wake Me Up","Foreign Air",2019-02-01,222760,0,s82h1sjjbsh8hjcl5n2cvahcr,2022-01-01T19:42:29Z,"charlotte nc indie,indie poptimism,modern alternative rock","Foreign Air",0.229,0.915,10,-4.939,0,0.0762,0.0103,0.471,0.104,0.305,177.989,3
5nQvUs9YQeg3vshSzydlRw,"Free Animal","Free Animal","Foreign Air",2016-09-02,180213,0,s82h1sjjbsh8hjcl5n2cvahcr,2022-01-01T19:46:23Z,"charlotte nc indie,indie poptimism,modern alternative rock","Foreign Air",0.577,0.583,5,-7.257,0,0.0433,0.0904,0,0.0937,0.406,80.002,4
48XkVAagIoQHCsOlJtXUd5,"still feel.","Now, Not Yet","half•alive",2019-08-09,247786,61,s82h1sjjbsh8hjcl5n2cvahcr,2022-01-11T02:25:44Z,"alt z,pov: indie","half·alive/RCA Records",0.779,0.516,10,-6.467,0,0.0521,0.148,0,0.0492,0.715,120.026,4
1R8kvV2AgNPCA2Pp4Im1Ao,"Baby Hotline","Baby Hotline / Tea Errors","Jack Stauber's Micropop",2019-03-21,291317,67,s82h1sjjbsh8hjcl5n2cvahcr,2022-02-26T23:52:34Z,"pov: indie,weirdcore","Plopscotch Records",0.74,0.357,0,-9.921,1,0.0352,0.377,0.047,0.328,0.453,119.973,4
2XW6T2nwcDjuUnFaiWbvKx,"Red Wine","Red Wine","Follies & Vices",2019-01-30,201964,0,s82h1sjjbsh8hjcl5n2cvahcr,2022-03-06T02:52:20Z,"","Follies & Vices",0.747,0.643,2,-8.217,1,0.169,0.116,0.00000608,0.0815,0.406,111.96,4
4LRPiXqCikLlN15c3yImP7,"As It Was","As It Was","Harry Styles",2022-03-31,167303,29,s82h1sjjbsh8hjcl5n2cvahcr,2022-04-20T14:10:45Z,"pop","Columbia",0.52,0.731,6,-5.338,0,0.0557,0.342,0.00101,0.311,0.662,173.93,4
4UmLF2TBXMz5MoscvBQXYh,"Grow Back","Concentrate","The Happy Fits",2018-06-15,305440,0,s82h1sjjbsh8hjcl5n2cvahcr,2022-06-27T06:02:31Z,"modern folk rock,new jersey indie,pov: indie","The Happy Fits Records",0.586,0.758,7,-4.433,1,0.0475,0.188,0,0.0894,0.496,86.031,4
3LbO439QNr3IX7Ho39Fq8X,"Too Late","Awfully Apeelin'","The Happy Fits",2016-08-27,201257,0,s82h1sjjbsh8hjcl5n2cvahcr,2022-06-27T06:15:55Z,"modern folk rock,new jersey indie,pov: indie","The Happy Fits",0.685,0.554,7,-10.473,1,0.115,0.443,0,0.482,0.789,160.002,4
4ZtFanR9U6ndgddUvNcjcG,"good 4 u","SOUR","Olivia Rodrigo",2021-05-21,178146,82,s82h1sjjbsh8hjcl5n2cvahcr,2022-07-07T18:01:21Z,"pop","Olivia Rodrigo PS",0.563,0.664,9,-5.044,1,0.154,0.335,0,0.0849,0.688,166.928,4
353PpJp6UhtSqtJ09Il2uD,"While You Fade Away","Awfully Apeelin'","The Happy Fits",2016-08-27,219729,0,s82h1sjjbsh8hjcl5n2cvahcr,2022-07-07T19:39:31Z,"modern folk rock,new jersey indie,pov: indie","The Happy Fits",0.712,0.655,10,-9.02,0,0.0354,0.0545,0,0.0992,0.596,135.96,4
4YDbjd5K0tNntyeWg0HSY8,"Drink","Awfully Apeelin'","The Happy Fits",2016-08-27,230990,0,s82h1sjjbsh8hjcl5n2cvahcr,2022-07-07T22:39:44Z,"modern folk rock,new jersey indie,pov: indie","The Happy Fits",0.428,0.218,2,-13.354,1,0.049,0.65,0,0.109,0.365,171.322,3
5NxC33tgrysAEqc62yukdT,"So Alright, Cool, Whatever","Concentrate","The Happy Fits",2018-06-15,191360,0,s82h1sjjbsh8hjcl5n2cvahcr,2022-07-07T22:48:42Z,"modern folk rock,new jersey indie,pov: indie","The Happy Fits Records",0.685,0.642,0,-5.417,1,0.0372,0.0997,0,0.0343,0.763,130.02,4
7nF74JcG12aaD8lV9SJVTu,"Best Tears","Concentrate","The Happy Fits",2018-06-15,158533,0,s82h1sjjbsh8hjcl5n2cvahcr,2022-07-07T23:01:20Z,"modern folk rock,new jersey indie,pov: indie","The Happy Fits Records",0.415,0.702,2,-3.73,1,0.04,0.109,0,0.119,0.68,129.683,4
0P7jF9A5zTHfiuxClJRb8r,"Heart of a Dancer","Concentrate","The Happy Fits",2018-06-15,218066,0,s82h1sjjbsh8hjcl5n2cvahcr,2022-07-07T23:20:35Z,"modern folk rock,new jersey indie,pov: indie","The Happy Fits Records",0.451,0.817,7,-4.491,0,0.135,0.056,0,0.166,0.391,161.903,4
1OJg6070T1v5dVZoU8uj0m,"Changes","Changes","The Happy Fits",2022-03-16,211226,0,s82h1sjjbsh8hjcl5n2cvahcr,2022-07-08T01:05:24Z,"modern folk rock,new jersey indie,pov: indie","The Happy Fits Records",0.521,0.872,7,-4.91,1,0.035,0.00337,0,0.149,0.759,145.994,4
7l8gHk3b9AwjC7gRhOqtP4,"The Moss","The Moss","Cosmo Sheldrake",2014-03-05,242567,0,s82h1sjjbsh8hjcl5n2cvahcr,2022-07-23T21:33:27Z,"pov: indie,uk pop","Transgressive Records",0.619,0.51,1,-5.549,0,0.0305,0.687,0,0.137,0.441,127.966,4
3uID7q0TIJR2049Uemxa7r,"Achey Bones","Concentrate","The Happy Fits",2018-06-15,201906,0,s82h1sjjbsh8hjcl5n2cvahcr,2022-08-12T03:42:42Z,"modern folk rock,new jersey indie,pov: indie","The Happy Fits Records",0.706,0.661,0,-4.515,0,0.0325,0.0117,0,0.201,0.784,132.032,4
7dYozCgKySaFfFSl05kfHO,"Haunted Lust","Concentrate","The Happy Fits",2018-06-15,156626,0,s82h1sjjbsh8hjcl5n2cvahcr,2022-08-12T03:45:35Z,"modern folk rock,new jersey indie,pov: indie","The Happy Fits Records",0.557,0.711,4,-3.501,0,0.0469,0.151,0,0.126,0.771,90.564,4
5t8LR0beVXg82NiTuUMJgm,"Reason for Dreaming","Concentrate","The Happy Fits",2018-06-15,213213,0,s82h1sjjbsh8hjcl5n2cvahcr,2022-08-12T03:51:07Z,"modern folk rock,new jersey indie,pov: indie","The Happy Fits Records",0.558,0.102,7,-13.357,1,0.0421,0.938,0.0000474,0.108,0.504,84.505,4
6cZnXCz4BznWT8WyQhX7Xz,"Hungry People","Concentrate","The Happy Fits",2018-06-15,141880,0,s82h1sjjbsh8hjcl5n2cvahcr,2022-08-12T03:53:57Z,"modern folk rock,new jersey indie,pov: indie","The Happy Fits Records",0.387,0.888,7,-2.89,1,0.0829,0.0263,0,0.0538,0.732,166.054,4
5G8mKWZd8i9P7QuW3XJnsn,"Relimerence","Concentrate","The Happy Fits",2018-06-15,269346,0,s82h1sjjbsh8hjcl5n2cvahcr,2022-08-27T20:10:51Z,"modern folk rock,new jersey indie,pov: indie","The Happy Fits Records",0.334,0.894,0,-4.85,1,0.0592,0.559,0,0.0528,0.327,145.001,4
15cznUL3zO0t5Sr1fIgaN3,"Would You Mind","Would You Mind","Friday Pilots Club",2018-04-06,246091,44,s82h1sjjbsh8hjcl5n2cvahcr,2022-09-02T05:14:59Z,"indie rockism,modern alternative rock","Friday Pilots Club",0.545,0.381,8,-9.683,0,0.0344,0.098,0,0.108,0.2,124.043,3
3lT43G3g9c8149QDWAjrYA,"Around and Around","Under The Shade of Green","The Happy Fits",2022-08-26,154106,0,s82h1sjjbsh8hjcl5n2cvahcr,2022-09-03T17:22:02Z,"modern folk rock,new jersey indie,pov: indie","The Happy Fits Records",0.489,0.861,7,-5.05,1,0.0364,0.00117,0,0.213,0.75,155.927,4
0ioCRxrkLBBvEv3GEvjaAk,"Dance Alone","Under The Shade of Green","The Happy Fits",2022-08-26,196000,0,s82h1sjjbsh8hjcl5n2cvahcr,2022-09-03T17:22:05Z,"modern folk rock,new jersey indie,pov: indie","The Happy Fits Records",0.517,0.673,7,-6.472,1,0.0374,0.0463,0.0000515,0.338,0.848,172.027,4
1B1923eXLeEWTklxdX0rxN,"Little One","Under The Shade of Green","The Happy Fits",2022-08-26,209786,0,s82h1sjjbsh8hjcl5n2cvahcr,2022-09-03T17:22:20Z,"modern folk rock,new jersey indie,pov: indie","The Happy Fits Records",0.474,0.62,9,-4.051,1,0.0318,0.0362,0,0.133,0.601,134.156,4
4DjpwJCA3hZ0Njyk8D8mrw,"In The Lobby","Under The Shade of Green","The Happy Fits",2022-08-26,178760,0,s82h1sjjbsh8hjcl5n2cvahcr,2022-09-03T17:22:27Z,"modern folk rock,new jersey indie,pov: indie","The Happy Fits Records",0.726,0.722,2,-5.112,1,0.0292,0.0389,0,0.0816,0.507,100.006,4
4yjBQQKCEGDCYzPUF4YdV4,"Another Try","Under The Shade of Green","The Happy Fits",2022-08-26,164320,0,s82h1sjjbsh8hjcl5n2cvahcr,2022-09-03T18:42:27Z,"modern folk rock,new jersey indie,pov: indie","The Happy Fits Records",0.623,0.68,9,-5.941,1,0.0271,0.12,0,0.18,0.846,108.034,4
4AXeaFIAKgRKQ12zkQrtWa,"Mary","Concentrate","The Happy Fits",2018-06-15,194733,0,s82h1sjjbsh8hjcl5n2cvahcr,2022-09-05T06:37:39Z,"modern folk rock,new jersey indie,pov: indie","The Happy Fits Records",0.564,0.696,7,-3.833,1,0.0906,0.087,0,0.0715,0.604,131.048,4
3tiijvWUntFeLrof7qe5nq,"Do Your Worst","Under The Shade of Green","The Happy Fits",2022-08-26,209626,0,s82h1sjjbsh8hjcl5n2cvahcr,2022-09-05T07:25:33Z,"modern folk rock,new jersey indie,pov: indie","The Happy Fits Records",0.461,0.864,7,-4.931,0,0.0379,0.00644,0,0.0575,0.633,159.978,4
4nApBW57XxA048uJW5Aviv,"Cold Turkey","Under The Shade of Green","The Happy Fits",2022-08-26,155146,0,s82h1sjjbsh8hjcl5n2cvahcr,2022-09-10T19:33:57Z,"modern folk rock,new jersey indie,pov: indie","The Happy Fits Records",0.638,0.646,4,-7.31,0,0.0254,0.0109,0,0.138,0.879,85.998,4
3dG0lluk1FjWwkQCmnk1cq,"Changes","Under The Shade of Green","The Happy Fits",2022-08-26,211226,0,s82h1sjjbsh8hjcl5n2cvahcr,2022-11-12T22:22:48Z,"modern folk rock,new jersey indie,pov: indie","The Happy Fits Records",0.521,0.872,7,-4.91,1,0.035,0.00337,0,0.149,0.759,145.994,4
5h2u1HgLgYXXusZVsi7rcb,"Sweet Things","Under The Shade of Green","The Happy Fits",2022-08-26,247080,0,s82h1sjjbsh8hjcl5n2cvahcr,2022-11-12T22:22:48Z,"modern folk rock,new jersey indie,pov: indie","The Happy Fits Records",0.626,0.697,0,-5.833,1,0.0301,0.00156,0,0.128,0.33,126.065,4
1nO2MZQF9nfOFATkctSCm4,"I'll Be Somewhere","Under The Shade of Green","The Happy Fits",2022-08-26,213053,0,s82h1sjjbsh8hjcl5n2cvahcr,2022-11-12T22:22:48Z,"modern folk rock,new jersey indie,pov: indie","The Happy Fits Records",0.442,0.924,0,-4.189,1,0.0426,0.0083,0,0.367,0.822,159.015,4
0FuDgS7brwqPmjcHhP9lyU,"Long Way Down","Under The Shade of Green","The Happy Fits",2022-08-26,190026,0,s82h1sjjbsh8hjcl5n2cvahcr,2022-11-12T22:22:48Z,"modern folk rock,new jersey indie,pov: indie","The Happy Fits Records",0.492,0.767,7,-4.546,1,0.0325,0.00137,0,0.334,0.494,124.021,4
2MwbWmYgXnzQCGRsJP7FJn,"Get a Job","What Could Be Better","The Happy Fits",2020-08-28,179133,31,s82h1sjjbsh8hjcl5n2cvahcr,2022-12-11T22:41:08Z,"modern folk rock,new jersey indie,pov: indie","The Happy Fits Records",0.504,0.84,2,-5.339,1,0.0351,0.000522,0,0.0953,0.623,152.859,4
2APIIwVTpSDnpctwcISIm3,"Right Through","Awfully Apeelin'","The Happy Fits",2016-08-27,245263,0,s82h1sjjbsh8hjcl5n2cvahcr,2023-01-19T03:24:58Z,"modern folk rock,new jersey indie,pov: indie","The Happy Fits",0.71,0.441,7,-9.674,1,0.0249,0.856,0.000394,0.196,0.122,95.061,4
7FWgmusJFhVVa41hMBcnsX,"Buy American","Buy American","Joywave",2022-01-14,202466,17,s82h1sjjbsh8hjcl5n2cvahcr,2023-01-27T03:15:20Z,"indietronica,modern alternative rock,modern rock,rochester ny indie,shimmer pop","Cultco Music",0.65,0.839,10,-4.228,0,0.0576,0.00649,0.00000247,0.149,0.405,120.041,4
7mRbbFn1Ip7hp1NoJQjOtB,"30% Off!","30% Off! (Now With 25% More!)","Best Frenz,Joywave",2021-02-19,207373,41,s82h1sjjbsh8hjcl5n2cvahcr,2023-01-27T03:20:22Z,"indietronica,modern alternative rock,modern rock,rochester ny indie,shimmer pop","Best Frenz",0.672,0.716,4,-5.705,0,0.0263,0.00155,0.307,0.435,0.86,113.021,4
5x1TRNRyiD6YKSco0UOaju,"Lilies for Lily","Metaphysical","The Technicolors",2017-07-27,206280,26,s82h1sjjbsh8hjcl5n2cvahcr,2023-02-02T04:24:26Z,"phoenix indie","The Technicolors",0.469,0.857,6,-3.987,1,0.057,0.0000982,0.0000528,0.06,0.302,129.983,4
26YYyr820AhVHSTPnfi2j0,"Motives","Metaphysical","The Technicolors",2017-07-27,219746,20,s82h1sjjbsh8hjcl5n2cvahcr,2023-02-02T04:41:40Z,"phoenix indie","The Technicolors",0.515,0.7,8,-4.483,1,0.0412,0.00115,0.0167,0.344,0.676,151.127,4
2VcS3oKcOPkubN9LVzZ96l,"Longshot","The Balance","Catfish and the Bottlemen",2019-04-26,232960,62,s82h1sjjbsh8hjcl5n2cvahcr,2023-02-10T05:41:06Z,"modern alternative rock,modern rock,stomp pop,welsh rock","Universal-Island Records Ltd.",0.481,0.765,7,-4.025,1,0.0388,0.00381,0.000737,0.119,0.465,102.829,4
3AXurFcVRfTGxXBVpqLY2d,"The War Is Over","Social Cues","Cage The Elephant",2019-04-19,195666,42,s82h1sjjbsh8hjcl5n2cvahcr,2023-03-01T17:34:56Z,"modern alternative rock,modern rock,pov: indie,punk blues,rock","RCA Records Label",0.533,0.919,11,-3.61,0,0.0714,0.0192,0,0.35,0.52,98.934,4
3n131e7wExc4paKrq5Zyi1,"I Was Just a Kid","Broken Machine (Deluxe)","Nothing But Thieves",2017-09-08,270546,52,s82h1sjjbsh8hjcl5n2cvahcr,2023-03-02T15:40:40Z,"alternative pop rock,modern alternative rock,modern rock","RCA Records Label",0.496,0.833,11,-4.272,0,0.0988,0.00058,0.00119,0.1,0.494,93.556,4
2Y0iGXY6m6immVb2ktbseM,"Little Dark Age","Little Dark Age","MGMT",2018-02-09,299960,76,s82h1sjjbsh8hjcl5n2cvahcr,2023-03-05T03:57:56Z,"alternative rock,indie rock,indietronica,modern rock,rock","Columbia",0.705,0.712,6,-6.156,1,0.0385,0.0102,0.000855,0.1,0.62,97.512,4
3td69vL9Py7Ai9wfXYnvji,"When You Die","Little Dark Age","MGMT",2018-02-09,263880,62,s82h1sjjbsh8hjcl5n2cvahcr,2023-03-09T04:57:04Z,"alternative rock,indie rock,indietronica,modern rock,rock","Columbia",0.645,0.938,11,-4.557,0,0.0391,0.0946,0.0226,0.159,0.495,140.886,4
3XOKU8CKSiQsuQHD5vhzo5,"She Works Out Too Much","Little Dark Age","MGMT",2018-02-09,278386,47,s82h1sjjbsh8hjcl5n2cvahcr,2023-03-09T18:28:35Z,"alternative rock,indie rock,indietronica,modern rock,rock","Columbia",0.633,0.919,5,-6.208,0,0.0343,0.00596,0.273,0.43,0.805,147.97,4
0t4z0WaQomQqPONghWn8c2,"Me and Michael","Little Dark Age","MGMT",2018-02-09,289853,56,s82h1sjjbsh8hjcl5n2cvahcr,2023-03-09T18:32:30Z,"alternative rock,indie rock,indietronica,modern rock,rock","Columbia",0.628,0.841,9,-4.583,1,0.0268,0.0285,0.00332,0.254,0.706,111.985,4
1s2oewEkFG9eF9Mq7MyvCV,"Hand It Over","Little Dark Age","MGMT",2018-02-09,253360,43,s82h1sjjbsh8hjcl5n2cvahcr,2023-03-09T19:14:08Z,"alternative rock,indie rock,indietronica,modern rock,rock","Columbia",0.378,0.614,1,-8.941,0,0.0387,0.706,0.00766,0.129,0.481,175.926,4
3FtYbEfBqAlGO46NUDQSAt,"Electric Feel","Oracular Spectacular","MGMT",2007-12-14,229640,79,s82h1sjjbsh8hjcl5n2cvahcr,2023-03-10T00:10:33Z,"alternative rock,indie rock,indietronica,modern rock,rock","Red Ink/Columbia",0.763,0.803,1,-3.713,1,0.0351,0.0709,0.285,0.348,0.561,103.04,3
4fO7d2FuUIb9YNhNh2HW2A,"Amoeba","Full Length Album","The Doozers",2019-07-29,199165,36,s82h1sjjbsh8hjcl5n2cvahcr,2023-03-30T03:32:02Z,"","The Doozers",0.46,0.944,6,-3.295,1,0.0847,0.0179,0.00121,0.0783,0.426,171.092,4
3iTOyqVXJiUfTQ5lDpCf6M,"I Love Hating You","I Love Hating You","FrankJavCee",2020-05-01,151048,32,s82h1sjjbsh8hjcl5n2cvahcr,2023-03-30T03:40:52Z,"vaportrap","689846 Records DK2",0.484,0.787,4,-6.931,0,0.0424,0.0161,0.939,0.11,0.335,143.19,4
7inoNrpGEI40K2KEH4CqIP,"Brand New","Texture","Battle Tapes",2023-05-05,207692,21,s82h1sjjbsh8hjcl5n2cvahcr,2023-05-13T20:10:56Z,"la indie","Independent",0.61,0.845,5,-4.608,0,0.0501,0.00356,0.034,0.0751,0.567,117.007,4
2VhY9wd1zB0hLe3ZtL98ST,"Weight of the World","Texture","Battle Tapes",2023-05-05,244800,22,s82h1sjjbsh8hjcl5n2cvahcr,2023-05-13T21:04:49Z,"la indie","Independent",0.56,0.864,7,-5.351,1,0.0411,0.0138,0.000679,0.101,0.422,124.998,4
2P3DAPTbuizeQwhPntB1mH,"One Night in Burbank","Texture","Battle Tapes",2023-05-05,212181,17,s82h1sjjbsh8hjcl5n2cvahcr,2023-05-17T23:14:56Z,"la indie","Independent",0.643,0.669,6,-5.336,0,0.05,0.015,0.000505,0.0571,0.409,110.01,4
1OrhwZaLMoymvyxSgKNBLk,"Mistakes","Bambi","Hippo Campus",2018-09-28,190266,27,s82h1sjjbsh8hjcl5n2cvahcr,2023-07-09T05:00:09Z,"modern rock,pov: indie","Grand Jury",0.0877,0.222,1,-14.838,0,0.035,0.0339,0.697,0.375,0.0331,70.222,4
7g13GDQHVRL0yfLaW70Soa,"Anxious","Bambi","Hippo Campus",2018-09-28,157160,34,s82h1sjjbsh8hjcl5n2cvahcr,2023-07-09T05:00:11Z,"modern rock,pov: indie","Grand Jury",0.697,0.633,5,-6.541,1,0.0742,0.235,0.00000199,0.0932,0.796,108.073,4
0lgktkQ3wjpnyxzrHgdSr1,"Think It Over","Bambi","Hippo Campus",2018-09-28,182947,29,s82h1sjjbsh8hjcl5n2cvahcr,2023-07-09T05:00:18Z,"modern rock,pov: indie","Grand Jury",0.315,0.715,0,-4.09,1,0.058,0.76,0.125,0.298,0.281,189.988,3
6MtIerVDZGoo78DJqT4HoJ,"Honestly","Bambi","Hippo Campus",2018-09-28,158026,36,s82h1sjjbsh8hjcl5n2cvahcr,2023-07-09T05:00:21Z,"modern rock,pov: indie","Grand Jury",0.656,0.828,1,-5.045,0,0.0504,0.000331,0.486,0.197,0.437,121.991,4
4vBIr27NcRFBNpyIxLHZuB,"Golden","Bambi","Hippo Campus",2018-09-28,208280,41,s82h1sjjbsh8hjcl5n2cvahcr,2023-07-09T05:00:23Z,"modern rock,pov: indie","Grand Jury",0.661,0.942,11,-3.632,0,0.0949,0.382,0.00902,0.0938,0.552,104.012,4
4Te7ZZEW3UhQORlCRgBqB6,"Passenger","Bambi","Hippo Campus",2018-09-28,332729,28,s82h1sjjbsh8hjcl5n2cvahcr,2023-07-09T05:00:25Z,"modern rock,pov: indie","Grand Jury",0.406,0.263,9,-10.476,1,0.042,0.724,0.0274,0.0891,0.191,146.201,4
3iLk4Ii9EzNo4CIKpmAkB1,"House Of Glass","Social Cues","Cage The Elephant",2019-04-19,154880,46,s82h1sjjbsh8hjcl5n2cvahcr,2023-11-29T22:42:18Z,"modern alternative rock,modern rock,pov: indie,punk blues,rock","RCA Records Label",0.532,0.926,11,-2.537,0,0.134,0.00239,0.215,0.072,0.553,146.988,4
4vHNeBWDQpVCmGbaccrRzi,"Goodie Bag","Goodie Bag","Still Woozy",2017-11-05,146390,72,s82h1sjjbsh8hjcl5n2cvahcr,2023-11-29T22:42:18Z,"bedroom pop,oakland indie,pov: indie","Still Woozy Productions Inc., under exclusive license to Interscope Records",0.739,0.522,7,-12.304,0,0.151,0.821,0.00124,0.233,0.619,138.263,4
6OiRh4kttAs1YWglvTcYkB,"Alrighty Aphrodite","Being So Normal","Peach Pit",2018-06-28,207813,64,s82h1sjjbsh8hjcl5n2cvahcr,2023-11-29T22:42:18Z,"pov: indie,vancouver indie","Columbia",0.534,0.724,6,-4.675,0,0.0495,0.00605,0.0929,0.108,0.503,81.846,4
6ubPFMzlIg73d1jzzWcC8B,"Skin and Bones","Social Cues","Cage The Elephant",2019-04-19,196173,56,s82h1sjjbsh8hjcl5n2cvahcr,2023-11-29T22:42:18Z,"modern alternative rock,modern rock,pov: indie,punk blues,rock","RCA Records Label",0.539,0.788,9,-3.227,0,0.0396,0.0089,0,0.29,0.357,159.986,4
2INUkDPCO1eQlOFmIN5VAC,"Shampoo Bottles","You and Your Friends","Peach Pit",2020-04-03,224266,59,s82h1sjjbsh8hjcl5n2cvahcr,2023-11-29T22:42:18Z,"pov: indie,vancouver indie","Columbia",0.648,0.436,8,-9.578,1,0.0275,0.0232,0,0.0944,0.333,107.019,4
1gpBDeONibvJyQYEv5HJh9,"Drop the Guillotine","Being So Normal","Peach Pit",2018-06-28,219960,55,s82h1sjjbsh8hjcl5n2cvahcr,2023-11-29T22:42:18Z,"pov: indie,vancouver indie","Columbia",0.514,0.881,0,-6.52,1,0.0629,0.0381,0.00000955,0.103,0.577,87.541,4
4sebUbjqbcgDSwG6PbSGI0,"Come a Little Closer","Melophobia","Cage The Elephant",2013-10-08,229346,73,s82h1sjjbsh8hjcl5n2cvahcr,2023-11-29T22:42:18Z,"modern alternative rock,modern rock,pov: indie,punk blues,rock","RCA Records Label",0.44,0.778,1,-1.786,0,0.0327,0.0265,0.00000104,0.151,0.304,148.038,4
2I3dW2dCBZAJGj5X21E53k,"Kids See Ghosts","KIDS SEE GHOSTS","KIDS SEE GHOSTS,Yasiin Bey",2018-06-08,245098,55,s82h1sjjbsh8hjcl5n2cvahcr,2023-11-29T22:42:18Z,"rap","Getting Out Our Dreams, Inc./Def Jam Recordings",0.841,0.682,2,-7.007,1,0.0458,0.113,0.0000965,0.131,0.338,94.985,4
3X0Tof7fViQGV95EKIY5x1,"DON'T SHOOT UP THE PARTY","ROADRUNNER: NEW LIGHT, NEW MACHINE","BROCKHAMPTON",2021-04-09,187266,41,s82h1sjjbsh8hjcl5n2cvahcr,2023-11-29T22:42:18Z,"boy band,rap","Question Everything/RCA Records",0.715,0.66,4,-4.212,0,0.0663,0.124,0,0.192,0.519,96.057,4
3sNVsP50132BTNlImLx70i,"Bound 2","Yeezus","Kanye West",2013-06-18,229146,81,s82h1sjjbsh8hjcl5n2cvahcr,2023-11-29T22:42:18Z,"chicago rap,hip hop,rap","Rock The World/IDJ/Kanye/LP6",0.367,0.665,1,-2.821,1,0.0465,0.145,0,0.113,0.31,148.913,4
3iVcZ5G6tvkXZkZKlMpIUs,"Alright","To Pimp A Butterfly","Kendrick Lamar",2015-03-16,219333,79,s82h1sjjbsh8hjcl5n2cvahcr,2023-11-29T22:42:18Z,"conscious hip hop,hip hop,rap,west coast rap","Aftermath",0.796,0.766,7,-5.974,1,0.238,0.0742,0,0.0827,0.558,110.034,4
0Fs9cdPDhptWEDJmiCbkEW,"She Knows (feat. Amber Coffman & Cults)","Born Sinner (Deluxe Version)","J. Cole,Cults,Amber Coffman",2013-06-18,296520,77,s82h1sjjbsh8hjcl5n2cvahcr,2023-11-29T22:42:18Z,"conscious hip hop,hip hop,north carolina hip hop,rap,experimental pop,indie surf,pov: indie,art pop","Roc Nation LLC",0.766,0.74,1,-10.363,1,0.0807,0.0193,0.0784,0.229,0.183,118.008,4
4XXjA1depr9PVYsL81Zikm,"Different Kind of Leather","Different Kind of Leather","Migrant Motel",2019-04-26,187548,16,s82h1sjjbsh8hjcl5n2cvahcr,2023-11-29T22:42:18Z,"latinx alternative","Migrant Motel",0.736,0.58,6,-6.325,0,0.0334,0.00285,0,0.108,0.89,118.006,4
7ouMYWpwJ422jRcDASZB7P,"Knights of Cydonia","Black Holes and Revelations","Muse",2006-06-19,366213,66,s82h1sjjbsh8hjcl5n2cvahcr,2023-11-29T22:42:18Z,"alternative rock,modern rock,permanent wave,rock","Warner Records",0.366,0.963,11,-5.301,0,0.142,0.000273,0.0122,0.115,0.211,137.114,4
722tgOgdIbNe3BEyLnejw4,"Black Skinhead","Yeezus","Kanye West",2013-06-18,188013,71,s82h1sjjbsh8hjcl5n2cvahcr,2023-11-29T22:42:18Z,"chicago rap,hip hop,rap","Rock The World/IDJ/Kanye/LP6",0.766,0.809,1,-6.123,1,0.279,0.0011,0,0.168,0.325,130.127,4
57lCa95tmjJ8EYdNTex8Kk,"Thought Contagion","Simulation Theory (Super Deluxe)","Muse",2018-11-09,206106,55,s82h1sjjbsh8hjcl5n2cvahcr,2023-11-29T22:42:18Z,"alternative rock,modern rock,permanent wave,rock","Warner Records",0.48,0.76,5,-3.663,1,0.0402,0.00107,0.0000237,0.0809,0.378,139.985,4
3eSyMBd7ERw68NVB3jlRmW,"Pressure","Simulation Theory (Super Deluxe)","Muse",2018-11-09,235600,58,s82h1sjjbsh8hjcl5n2cvahcr,2023-11-29T22:42:18Z,"alternative rock,modern rock,permanent wave,rock","Warner Records",0.622,0.842,11,-3.678,0,0.0609,0.00342,0.00014,0.0575,0.724,136.041,4
78bsqObGFUD5ntweePBhIY,"Van Horn","The Original Motion Picture Soundtrack","Saint Motel",2021-06-25,161120,50,s82h1sjjbsh8hjcl5n2cvahcr,2023-11-29T22:42:18Z,"la indie,modern alternative rock,modern rock,pov: indie","Elektra (NEK)",0.642,0.806,8,-4.568,1,0.0421,0.00281,0.0000217,0.186,0.43,124.514,4
3DK6m7It6Pw857FcQftMds,"Runaway","My Beautiful Dark Twisted Fantasy","Kanye West,Pusha T",2010-11-22,547733,81,s82h1sjjbsh8hjcl5n2cvahcr,2023-11-29T22:42:18Z,"chicago rap,hip hop,rap,gangster rap,pop rap,southern hip hop,trap,virginia hip hop","Roc-A-Fella",0.374,0.568,1,-3.825,0,0.109,0.219,0.00219,0.513,0.111,84.733,4
7nCONy10IHp7XD3oYZ0lcx,"I've Seen Footage","The Money Store","Death Grips",2012-04-23,202853,55,s82h1sjjbsh8hjcl5n2cvahcr,2023-11-29T22:42:18Z,"escape room,experimental hip hop,industrial hip hop","Epic",0.603,0.944,11,-3.626,0,0.347,0.0481,0,0.342,0.418,130.035,4
7y8X0Z04gJCKtfrnSAMywJ,"Hacker","The Money Store","Death Grips",2012-04-23,275520,52,s82h1sjjbsh8hjcl5n2cvahcr,2023-11-29T22:42:18Z,"escape room,experimental hip hop,industrial hip hop","Epic",0.681,0.88,9,-3.895,1,0.227,0.0567,0,0.0893,0.38,124.885,4
7jYUaoOfdcYgUvkK8NnFfx,"Tranz","The Now Now","Gorillaz",2018-06-29,162626,62,s82h1sjjbsh8hjcl5n2cvahcr,2023-11-29T22:42:18Z,"alternative hip hop,modern rock,rock","Parlophone UK",0.649,0.883,7,-5.058,1,0.0306,0.0324,0.0185,0.0658,0.779,135.141,4
2KkKBSdtw6GUuMDrnJ0b3a,"No Mistake","Love Sunshine & Hysteria","Attica Riots",2018-01-19,203394,0,s82h1sjjbsh8hjcl5n2cvahcr,2023-11-29T22:42:18Z,"manitoba indie","Five Seven Music",0.633,0.927,1,-3.757,0,0.0397,0.000241,0.00000319,0.306,0.961,144.036,4
4LyIHEDbAWDeKV0JbVZae9,"affection","we just need some time together","BETWEEN FRIENDS",2018-04-05,235225,32,s82h1sjjbsh8hjcl5n2cvahcr,2023-11-29T22:42:18Z,"indie pop,la pop,pov: indie","Artbeatz LLC, Distributed by Venice Music",0.394,0.565,2,-7.264,1,0.126,0.518,0.00000168,0.0853,0.308,90.773,4
4w8dCGDwtpkq7bKXBL1NIE,"You","SWISH","Joywave",2016-03-11,180163,12,s82h1sjjbsh8hjcl5n2cvahcr,2023-11-29T22:42:18Z,"indietronica,modern alternative rock,modern rock,rochester ny indie,shimmer pop","Cultco Music",0.645,0.679,0,-6.858,1,0.0375,0.000615,0.0169,0.32,0.585,108.037,4
0vf2eBw2inhl8y61cYQMv2,"Devil Town","Cavetown","Cavetown",2015-11-09,179955,72,s82h1sjjbsh8hjcl5n2cvahcr,2023-11-29T22:42:18Z,"bedroom pop,indie pop,pov: indie","Oat Milk Industries and Many Hats Endeavors",0.576,0.759,3,-8.165,1,0.0599,0.12,0,0.121,0.501,99.969,4
5tsB5ROYUKKisUaJQIEEfv,"Psychics in LA","You and Your Friends (Deluxe)","Peach Pit",2020-10-02,206733,46,s82h1sjjbsh8hjcl5n2cvahcr,2023-11-29T22:42:18Z,"pov: indie,vancouver indie","Columbia",0.328,0.849,1,-5.02,0,0.052,0.0096,0.0000133,0.232,0.624,132.047,3
0zO8ctW0UiuOefR87OeJOZ,"Collard Greens","Oxymoron (Deluxe)","ScHoolboy Q,Kendrick Lamar",2014-01-01,299960,75,s82h1sjjbsh8hjcl5n2cvahcr,2023-11-29T22:42:18Z,"gangster rap,hip hop,pop rap,rap,southern hip hop,trap,conscious hip hop,west coast rap","Schoolboy Q",0.825,0.573,11,-4.872,1,0.0638,0.0255,0.00000919,0.205,0.66,153.956,4
6IZvVAP7VPPnsGX6bvgkqg,"PRIDE.","DAMN.","Kendrick Lamar",2017-04-14,275253,83,s82h1sjjbsh8hjcl5n2cvahcr,2023-11-29T22:42:18Z,"conscious hip hop,hip hop,rap,west coast rap","Aftermath",0.665,0.535,4,-7.056,0,0.0572,0.0786,0.0000168,0.154,0.37,138.842,4
3q5Zm5NnYcpXKLNmTO1tyo,"Astronaut","Don't You Worry, Honey","Sir Sly",2017-06-30,224382,46,s82h1sjjbsh8hjcl5n2cvahcr,2023-11-29T22:42:18Z,"indietronica,la indie,modern alternative rock,modern rock,shimmer pop","Cherrytree Records/Kierszenbaum",0.63,0.589,7,-8.11,1,0.0275,0.0752,0.552,0.32,0.314,112.013,4
2wH52gGTG6rBVWSc6aEczN,"Black Licorice","You and Your Friends","Peach Pit",2020-04-03,219826,49,s82h1sjjbsh8hjcl5n2cvahcr,2023-11-29T22:42:18Z,"pov: indie,vancouver indie","Columbia",0.693,0.54,9,-9.133,1,0.0333,0.0309,0.00078,0.116,0.434,124.032,4
0WHWD1OwKWBiESxUEqf8x0,"That's Life","If This Isn’t Nice, I Don’t Know What Is","Still Woozy",2021-08-13,147653,56,s82h1sjjbsh8hjcl5n2cvahcr,2023-11-29T22:42:18Z,"bedroom pop,oakland indie,pov: indie","Still Woozy Productions Inc., under exclusive license to Interscope Records",0.754,0.498,6,-8.741,0,0.087,0.51,0.0321,0.102,0.544,96.11,4
7s0FCUlKnSFjFPzcIJmkwo,"Waterfalls Coming Out Your Mouth","Dreamland","Glass Animals",2020-08-07,161789,57,s82h1sjjbsh8hjcl5n2cvahcr,2023-11-29T22:42:18Z,"gauze pop,indietronica,modern rock,pov: indie,shiver pop","Polydor Records",0.649,0.553,11,-7.139,0,0.034,0.194,0.000553,0.178,0.322,149.004,4
11zf7m4vw9Ze7cer9Nyhk1,"Pleaser","Pleaser","Wallows",2017-04-12,187895,65,s82h1sjjbsh8hjcl5n2cvahcr,2023-11-29T22:42:18Z,"pov: indie","Atlantic Records",0.497,0.914,9,-4.308,1,0.0455,0.126,0.0000198,0.274,0.385,148.893,4
0s1PsjRpN9v3gveUOM6Iux,"Neon Roses","Metaphysical","The Technicolors",2017-07-27,236586,48,s82h1sjjbsh8hjcl5n2cvahcr,2023-11-29T22:42:18Z,"phoenix indie","The Technicolors",0.192,0.879,7,-3.19,1,0.0631,0.0000497,0.000161,0.451,0.387,185.821,4
5JcJxOo5joRgWAjvTU8Xdm,"Tahoe","Queue: The Mixtape","Stoop Kids",2017-05-05,152975,27,s82h1sjjbsh8hjcl5n2cvahcr,2023-11-29T22:42:18Z,"indie r&b,new orleans indie","Stoop Kids",0.493,0.683,11,-7.597,0,0.0873,0.207,0,0.111,0.469,141.091,4
0rRjGruFonCGOt0S5zAJNQ,"The Other Side Of Paradise","How To Be A Human Being","Glass Animals",2016-08-26,320654,67,s82h1sjjbsh8hjcl5n2cvahcr,2023-11-29T22:42:18Z,"gauze pop,indietronica,modern rock,pov: indie,shiver pop","Wolf Tone",0.689,0.338,11,-7.634,0,0.0629,0.349,0.000057,0.0649,0.568,128.012,4
48XkVAagIoQHCsOlJtXUd5,"still feel.","Now, Not Yet","half•alive",2019-08-09,247786,61,s82h1sjjbsh8hjcl5n2cvahcr,2023-11-29T22:42:18Z,"alt z,pov: indie","half·alive/RCA Records",0.779,0.516,10,-6.467,0,0.0521,0.148,0,0.0492,0.715,120.026,4
57RA3JGafJm5zRtKJiKPIm,"Are You Bored Yet? (feat. Clairo)","Nothing Happens","Wallows,Clairo",2019-03-22,178000,79,s82h1sjjbsh8hjcl5n2cvahcr,2023-11-29T22:42:18Z,"pov: indie,bedroom pop,indie pop","Atlantic Records",0.682,0.683,8,-6.444,0,0.0287,0.156,0.0000232,0.273,0.64,120.023,4
5EWqZtdBmrOF2WMT3TecEh,"Shotgun Betty","Shotgun Betty","The Technicolors",2019-04-12,228829,29,s82h1sjjbsh8hjcl5n2cvahcr,2023-11-29T22:42:18Z,"phoenix indie","Rum Dance Records",0.31,0.919,5,-6.687,0,0.31,0.145,0.00873,0.078,0.484,140.057,4
1p65J6pUtctKgmftkWkMRI,"You and Your Friends","You and Your Friends","Peach Pit",2020-04-03,236653,42,s82h1sjjbsh8hjcl5n2cvahcr,2023-11-29T22:42:18Z,"pov: indie,vancouver indie","Columbia",0.552,0.672,9,-7.631,0,0.0281,0.000173,0.00432,0.0696,0.231,104.054,4
7xyYsOvq5Ec3P4fr6mM9fD,"Hysteria","Absolution","Muse",2004-03-23,227440,7,s82h1sjjbsh8hjcl5n2cvahcr,2023-11-29T22:42:18Z,"alternative rock,modern rock,permanent wave,rock","Warner Records",0.412,0.92,9,-4.852,0,0.0575,0.000456,0.0026,0.11,0.455,93.162,4
4bEcoz1OcfMgUbp2ft8ieQ,"911 / Mr. Lonely (feat. Frank Ocean & Steve Lacy)","Flower Boy","Tyler, The Creator,Frank Ocean,Steve Lacy",2017-07-21,255653,71,s82h1sjjbsh8hjcl5n2cvahcr,2023-11-29T22:42:18Z,"hip hop,rap,lgbtq+ hip hop,neo soul,afrofuturism","Columbia",0.48,0.61,0,-7.042,1,0.305,0.0456,0,0.313,0.297,90.034,4
1cIi1x8ANjMO97wH5OfYO1,"Leave Me Alone","RAZZMATAZZ","I DONT KNOW HOW BUT THEY FOUND ME",2020-10-23,215644,52,s82h1sjjbsh8hjcl5n2cvahcr,2023-11-29T22:42:18Z,"alt z,pov: indie","Fearless Records",0.544,0.886,0,-2.667,1,0.0381,0.00188,0,0.324,0.567,104.09,4
2yH16s2lLbYtLziVwqw7Pf,"Deleter","Healer","GROUPLOVE",2020-03-13,234386,47,s82h1sjjbsh8hjcl5n2cvahcr,2023-11-29T22:42:18Z,"indie rock,la indie,modern alternative rock,modern rock,pov: indie","Canvasback",0.421,0.991,8,-3.678,1,0.124,0.00000381,0.0466,0.13,0.446,159.998,4
5KUNwkaNf8l5A9sXZhiCgI,"Rapp Snitch Knishes","MM..FOOD","MF DOOM,Mr. Fantastik",2004-11-16,172893,75,s82h1sjjbsh8hjcl5n2cvahcr,2023-11-29T22:42:18Z,"east coast hip hop,hip hop,instrumental hip hop,rap","Rhymesayers",0.728,0.832,7,-6.827,1,0.267,0.327,0,0.504,0.825,95.051,4
6nMBauRqzW8lqU9n3eBzw8,"Rad Drugz","The Darker The Weather // The Better The Man","MISSIO",2019-04-12,228386,32,s82h1sjjbsh8hjcl5n2cvahcr,2023-11-29T22:42:18Z,"modern alternative rock,modern rock","RCA Records Label",0.615,0.884,7,-4.965,1,0.0333,0.0198,0.00000298,0.0841,0.57,109.03,4
1r9xUipOqoNwggBpENDsvJ,"Enemy (with JID) - from the series Arcane League of Legends","Enemy (with JID) - from the series Arcane League of Legends","Imagine Dragons,JID,Arcane,League of Legends",2021-10-28,173381,74,s82h1sjjbsh8hjcl5n2cvahcr,2023-11-29T22:42:18Z,"modern rock,pop,rock,hip hop,pop rap,rap,underground hip hop,speedrun,video game music","KIDinaKORNER/Interscope Records",0.728,0.783,11,-4.424,0,0.266,0.237,0,0.434,0.555,77.011,4
432hUIl3ISDeytYW5XBQ5h,"Wolves","The Life Of Pablo","Kanye West",2016-06-10,301586,65,s82h1sjjbsh8hjcl5n2cvahcr,2023-11-29T22:42:18Z,"chicago rap,hip hop,rap","Rock The World/IDJ/Kanye LP7",0.395,0.392,1,-8.034,1,0.0925,0.219,0.00173,0.134,0.103,155.856,4
1ohBkAe1D8wOCiXJpvg4Yd,"Cytoplasm","Cytoplasm","The Doozers",2019-01-11,188642,39,s82h1sjjbsh8hjcl5n2cvahcr,2023-11-29T22:42:18Z,"","The Doozers",0.484,0.935,0,-2.191,0,0.0525,0.000866,0,0.171,0.469,149.977,4
5hVghJ4KaYES3BFUATCYn0,"EARFQUAKE","IGOR","Tyler, The Creator",2019-05-17,190066,80,s82h1sjjbsh8hjcl5n2cvahcr,2023-11-29T22:42:18Z,"hip hop,rap","Columbia",0.554,0.498,9,-8.866,1,0.0685,0.23,0.00000598,0.795,0.413,79.635,4
0wSmZykDgah7GfaUNZUZCb,"Night Running","Social Cues","Cage The Elephant,Beck",2019-04-19,208133,54,s82h1sjjbsh8hjcl5n2cvahcr,2023-11-29T22:42:18Z,"modern alternative rock,modern rock,pov: indie,punk blues,rock,alternative rock,anti-folk,permanent wave,slacker rock","RCA Records Label",0.601,0.946,4,-2.298,0,0.0656,0.0661,0.0000112,0.388,0.58,141.929,4
5ykbOijJEfRhuo2Td1m0Qd,"7","The Ride","Catfish and the Bottlemen",2016-05-27,256306,65,s82h1sjjbsh8hjcl5n2cvahcr,2023-11-29T22:42:18Z,"modern alternative rock,modern rock,stomp pop,welsh rock","Universal-Island Records Ltd.",0.531,0.711,10,-4.933,1,0.0398,0.000204,0.00291,0.108,0.279,155.068,4
5aobHzcwDnh889XNLkXajw,"Bad Citizen","Content","Hey Geronimo",2018-09-07,166856,31,s82h1sjjbsh8hjcl5n2cvahcr,2023-11-29T22:42:18Z,"brisbane indie","Independent",0.258,0.932,1,-3.978,0,0.084,0.000033,0.0599,0.217,0.565,163.864,4
511nmDIBkG4Mivp4c0JhzI,"Valkyrie","Polygon","Battle Tapes",2015-11-20,243960,28,s82h1sjjbsh8hjcl5n2cvahcr,2023-11-29T22:42:18Z,"la indie","Battle Arts",0.565,0.911,11,-3.25,1,0.0539,0.0034,0.000128,0.194,0.56,121.987,4
3BUEXULG9L4AZDEh9CePFE,"Obsession","Possession","Joywave",2020-03-13,186626,45,s82h1sjjbsh8hjcl5n2cvahcr,2023-11-29T22:42:18Z,"indietronica,modern alternative rock,modern rock,rochester ny indie,shimmer pop","Cultco Music",0.656,0.838,11,-4.958,0,0.026,0.00626,0.00187,0.207,0.877,101.982,4
2rx49sRgc17laB96odPWtn,"Belgrade","Polygon","Battle Tapes",2015-11-20,293893,32,s82h1sjjbsh8hjcl5n2cvahcr,2023-11-29T22:42:22Z,"la indie","Battle Arts",0.587,0.971,4,-3.431,1,0.153,0.00245,0.0000509,0.0416,0.379,129.947,4
3I3wT9xnFlNWM9SlQyH9i1,"Last Resort & Spa","Form","Battle Tapes",2017-07-14,254269,31,s82h1sjjbsh8hjcl5n2cvahcr,2023-11-29T22:42:22Z,"la indie","Battle Arts",0.478,0.899,5,-4.114,1,0.143,0.124,0.0035,0.109,0.679,186.028,4
5SzUrle1WAaMAJjIEZ2YYy,"Alive","Form","Battle Tapes",2017-07-14,307777,27,s82h1sjjbsh8hjcl5n2cvahcr,2023-11-29T22:42:22Z,"la indie","Battle Arts",0.571,0.919,7,-4.071,1,0.0833,0.00273,0.0117,0.302,0.29,108.025,4
1NliHcYT8W74o5HF85hN8E,"No Good","Form","Battle Tapes",2017-07-14,264390,20,s82h1sjjbsh8hjcl5n2cvahcr,2023-11-29T22:42:22Z,"la indie","Battle Arts",0.551,0.845,11,-6.702,0,0.0441,0.0155,0.286,0.105,0.546,123.035,4
1jgcODbfAL3tV7tikF6n1j,"Junya","Donda","Kanye West",2021-08-29,147668,53,s82h1sjjbsh8hjcl5n2cvahcr,2023-11-29T22:42:22Z,"chicago rap,hip hop,rap","Rock The World/IDJ/Kanye LP7",0.752,0.69,7,-3.948,1,0.0642,0.27,0,0.303,0.396,148.07,4
1mlVyUIqGTEkJy8sB5VchH,"Hot Mess","Hot Mess","Friday Pilots Club",2022-06-23,190813,52,s82h1sjjbsh8hjcl5n2cvahcr,2023-11-29T22:42:22Z,"indie rockism,modern alternative rock","Friday Pilots Club",0.584,0.946,6,-4.963,1,0.158,0.0539,0,0.0798,0.862,168.096,4
4EsS7kgS3ztITT00pH0KG6,"Control","Form","Battle Tapes",2017-07-14,190434,19,s82h1sjjbsh8hjcl5n2cvahcr,2023-11-29T22:42:22Z,"la indie","Battle Arts",0.614,0.924,9,-3.388,1,0.0701,0.000837,0.0000994,0.0986,0.55,115.017,4
1O1GLjtl8cMiTLWWLU9hQc,"Better With","Better With","Friday Pilots Club",2022-07-28,163373,55,s82h1sjjbsh8hjcl5n2cvahcr,2023-11-29T22:42:22Z,"indie rockism,modern alternative rock","Friday Pilots Club",0.419,0.638,11,-6.037,0,0.134,0.0454,0.0000342,0.0613,0.459,127.796,4
1qsHYUd2c1wFGcn7e63QmG,"Yikes","ye","Kanye West",2018-06-01,188773,62,s82h1sjjbsh8hjcl5n2cvahcr,2023-11-29T22:42:22Z,"chicago rap,hip hop,rap","Getting Out Our Dreams, Inc./Def Jam Recordings",0.683,0.776,1,-3.251,0,0.341,0.15,0,0.227,0.223,173.996,4
7vgTNTaEz3CsBZ1N4YQalM,"Ghost Town","ye","Kanye West,PARTYNEXTDOOR",2018-06-01,271386,77,s82h1sjjbsh8hjcl5n2cvahcr,2023-11-29T22:42:22Z,"chicago rap,hip hop,rap,r&b,urban contemporary","Getting Out Our Dreams, Inc./Def Jam Recordings",0.573,0.545,7,-4.247,0,0.0288,0.0969,0,0.329,0.297,83.378,4
3s7MCdXyWmwjdcWh7GWXas,"Violent Crimes","ye","Kanye West",2018-06-01,215320,80,s82h1sjjbsh8hjcl5n2cvahcr,2023-11-29T22:42:22Z,"chicago rap,hip hop,rap","Getting Out Our Dreams, Inc./Def Jam Recordings",0.669,0.419,1,-6.724,0,0.522,0.376,0,0.187,0.0397,109.813,4
2Hvak6OlUkOgk9UR6Om3Lt,"Gold and Bones","Gold and Bones","Friday Pilots Club",2018-05-12,208904,52,s82h1sjjbsh8hjcl5n2cvahcr,2023-11-29T22:42:22Z,"indie rockism,modern alternative rock","Friday Pilots Club",0.591,0.837,4,-4.522,1,0.0702,0.00342,0,0.142,0.659,136.039,4
61ZEXCmnBl2vOohnYhYdX3,"PRBLM","PRBLM","Friday Pilots Club",2018-09-21,216831,45,s82h1sjjbsh8hjcl5n2cvahcr,2023-11-29T22:42:22Z,"indie rockism,modern alternative rock","Friday Pilots Club",0.666,0.772,6,-5.632,0,0.109,0.00343,0,0.24,0.711,100.936,4
3xUsaaH6oCG1w8kD1oGhGW,"Social Climb","1981 Extended Play","I DONT KNOW HOW BUT THEY FOUND ME",2018-11-09,176853,52,s82h1sjjbsh8hjcl5n2cvahcr,2023-11-29T22:42:22Z,"alt z,pov: indie","Fearless Records",0.532,0.832,11,-5.958,0,0.122,0.0986,0.0000922,0.657,0.771,176.155,4
73y59JEXs1yNwjuinuQA4c,"Bleed Magic","Bleed Magic","I DONT KNOW HOW BUT THEY FOUND ME",2018-10-26,203720,50,s82h1sjjbsh8hjcl5n2cvahcr,2023-11-29T22:42:22Z,"alt z,pov: indie","Fearless Records",0.518,0.934,0,-7.082,1,0.157,0.00135,0.202,0.172,0.233,161.996,4
6Rci3XGsPhj9YdgFBBt15C,"Another Try","Another Try","The Happy Fits",2021-08-06,164320,15,s82h1sjjbsh8hjcl5n2cvahcr,2023-11-29T22:42:22Z,"modern folk rock,new jersey indie,pov: indie","The Happy Fits Records",0.623,0.68,9,-5.941,1,0.0271,0.12,0,0.18,0.846,108.034,4
3UhhRDkHWz7D28BkejHzqI,"Razzmatazz","RAZZMATAZZ","I DONT KNOW HOW BUT THEY FOUND ME",2020-10-23,258612,48,s82h1sjjbsh8hjcl5n2cvahcr,2023-11-29T22:42:22Z,"alt z,pov: indie","Fearless Records",0.397,0.675,9,-4.788,0,0.0344,0.0101,0.000017,0.305,0.471,155.032,4
3uDaHA2qBVejaBQkUlFfir,"Monsters","Monsters Calling Home, Vol.2","Run River North",2019-11-01,172480,35,s82h1sjjbsh8hjcl5n2cvahcr,2023-11-29T22:42:22Z,"stomp and holler","Nettwerk Music Group",0.753,0.822,9,-7.457,1,0.187,0.0275,0,0.0658,0.712,140.023,4
7C3nkCyPbkMkuev273ryUq,"Funhouse","Funhouse","Run River North",2018-03-02,271447,10,s82h1sjjbsh8hjcl5n2cvahcr,2023-11-29T22:42:22Z,"stomp and holler","Run River North",0.6,0.821,6,-5.436,1,0.0901,0.0217,0,0.0389,0.837,149.991,4
4dTM35eH5nmPRZcQ2ltlKr,"Mad IQs","RAZZMATAZZ","I DONT KNOW HOW BUT THEY FOUND ME",2020-10-23,182811,50,s82h1sjjbsh8hjcl5n2cvahcr,2023-11-29T22:42:22Z,"alt z,pov: indie","Fearless Records",0.728,0.7,8,-5.066,0,0.0388,0.0094,0.00000162,0.591,0.936,104.989,4
5vRXG939KMWdIPdLRYo9kw,"New Invention","RAZZMATAZZ","I DONT KNOW HOW BUT THEY FOUND ME",2020-10-23,191593,55,s82h1sjjbsh8hjcl5n2cvahcr,2023-11-29T22:42:22Z,"alt z,pov: indie","Fearless Records",0.489,0.854,0,-3.03,1,0.079,0.00842,0.00000406,0.091,0.763,180.138,4
6aAW8QdserZUNAXlaoZup0,"Sugar Pills","RAZZMATAZZ","I DONT KNOW HOW BUT THEY FOUND ME",2020-10-23,187212,49,s82h1sjjbsh8hjcl5n2cvahcr,2023-11-29T22:42:22Z,"alt z,pov: indie","Fearless Records",0.628,0.845,10,-4.459,0,0.0332,0.00194,0,0.204,0.81,121.977,4
6U2CKAOvfF1vYOnZKZTNWN,"Place In The World","Under The Shade of Green","The Happy Fits",2022-08-26,162306,28,s82h1sjjbsh8hjcl5n2cvahcr,2023-11-29T22:42:22Z,"modern folk rock,new jersey indie,pov: indie","The Happy Fits Records",0.622,0.803,0,-5.177,1,0.0291,0.11,0,0.277,0.87,139.965,4
7tvOve5IkjYenvqScZ75iQ,"Best Friend","Supermodel","Foster The People",2014-03-14,267826,52,s82h1sjjbsh8hjcl5n2cvahcr,2023-11-29T22:42:22Z,"indietronica,modern alternative rock,modern rock,rock","Columbia",0.651,0.866,1,-3.831,1,0.0584,0.00933,0,0.113,0.801,113.945,4
6l9loH7p2uXm6fUsYSlAVz,"40g","40g","Run River North",2019-04-05,213030,15,s82h1sjjbsh8hjcl5n2cvahcr,2023-11-29T22:42:22Z,"stomp and holler","Nettwerk Music Group",0.74,0.584,1,-6.863,1,0.0647,0.119,0.00011,0.0613,0.658,119.042,4
35KV2Nuib6jPMVN00O8iba,"No Mistakes","ye","Kanye West",2018-06-01,123040,62,s82h1sjjbsh8hjcl5n2cvahcr,2023-11-29T22:42:22Z,"chicago rap,hip hop,rap","Getting Out Our Dreams, Inc./Def Jam Recordings",0.643,0.646,10,-2.442,0,0.0629,0.0393,0,0.109,0.35,80.174,4
4hs2FbesB8qo6H5Berbikd,"Absinthe","1981 Extended Play","I DONT KNOW HOW BUT THEY FOUND ME",2018-11-09,183653,55,s82h1sjjbsh8hjcl5n2cvahcr,2023-11-29T22:42:22Z,"alt z,pov: indie","Fearless Records",0.608,0.845,9,-4.938,0,0.0641,0.00927,0.0000134,0.332,0.518,123.991,3
76UpKuyisZDjLExMBVvwBm,"No Instructions","What Could Be Better","The Happy Fits",2020-08-28,220320,40,s82h1sjjbsh8hjcl5n2cvahcr,2023-11-29T22:42:22Z,"modern folk rock,new jersey indie,pov: indie","The Happy Fits Records",0.648,0.842,4,-4.695,1,0.0758,0.0861,0,0.122,0.818,150.026,4
1yhJdaC1kecHKUgGCChs4z,"Hold Me Down","What Could Be Better","The Happy Fits",2020-08-28,223813,47,s82h1sjjbsh8hjcl5n2cvahcr,2023-11-29T22:42:22Z,"modern folk rock,new jersey indie,pov: indie","The Happy Fits Records",0.499,0.948,2,-4.732,1,0.0652,0.0163,0,0.0933,0.832,156.047,4
1yS9wpv8GW2c8tHC7P85JJ,"She Wants Me (To Be Loved)","What Could Be Better","The Happy Fits",2020-08-28,199413,55,s82h1sjjbsh8hjcl5n2cvahcr,2023-11-29T22:42:22Z,"modern folk rock,new jersey indie,pov: indie","The Happy Fits Records",0.779,0.727,9,-5.175,1,0.0336,0.109,0,0.0657,0.727,119.935,4
0g0z7kwicn0A8EOmIJssEJ,"Go Dumb","What Could Be Better","The Happy Fits",2020-08-28,143586,39,s82h1sjjbsh8hjcl5n2cvahcr,2023-11-29T22:42:22Z,"modern folk rock,new jersey indie,pov: indie","The Happy Fits Records",0.639,0.914,0,-4.453,1,0.0354,0.162,0.00000162,0.135,0.653,138.02,4
0cmkfF4oTSDvx0ocegDwGW,"The Garden","What Could Be Better","The Happy Fits",2020-08-28,165773,30,s82h1sjjbsh8hjcl5n2cvahcr,2023-11-29T22:42:22Z,"modern folk rock,new jersey indie,pov: indie","The Happy Fits Records",0.782,0.435,5,-8.661,1,0.0382,0.665,0.0000506,0.117,0.589,137.936,4
1mKRK855WBHjP5xeBxwi2T,"Sailing","What Could Be Better","The Happy Fits",2020-08-28,186360,31,s82h1sjjbsh8hjcl5n2cvahcr,2023-11-29T22:42:22Z,"modern folk rock,new jersey indie,pov: indie","The Happy Fits Records",0.681,0.743,9,-6.942,1,0.0321,0.2,0.000316,0.0998,0.427,127.986,3
6JyEh4kl9DLwmSAoNDRn5b,"4th Dimension","KIDS SEE GHOSTS","KIDS SEE GHOSTS,Louis Prima",2018-06-08,153351,66,s82h1sjjbsh8hjcl5n2cvahcr,2023-11-29T22:42:22Z,"rap,adult standards,jump blues,lounge,swing","Getting Out Our Dreams, Inc./Def Jam Recordings",0.765,0.542,1,-6.755,1,0.39,0.278,0.0000187,0.609,0.734,171.945,4
0B7B8DAnYcWHqcwqOpenth,"Bad Dreams","How Do You Feel Now?","Joywave",2015-04-14,256440,28,s82h1sjjbsh8hjcl5n2cvahcr,2023-11-29T22:42:22Z,"indietronica,modern alternative rock,modern rock,rochester ny indie,shimmer pop","Cultco Music",0.733,0.327,5,-7.324,0,0.0479,0.132,0.000592,0.132,0.406,118.058,4
2UbzSDEYP8eCg5K2a8d3PM,"Now","How Do You Feel Now?","Joywave",2015-04-14,262213,33,s82h1sjjbsh8hjcl5n2cvahcr,2023-11-29T22:42:22Z,"indietronica,modern alternative rock,modern rock,rochester ny indie,shimmer pop","Cultco Music",0.575,0.872,1,-6.259,1,0.0854,0.00409,0.00469,0.0944,0.274,125.994,4
6IY3cC281mz9q0bViUEldz,"It's A Trip!","Content","Joywave",2017-07-28,183524,55,s82h1sjjbsh8hjcl5n2cvahcr,2023-11-29T22:42:22Z,"indietronica,modern alternative rock,modern rock,rochester ny indie,shimmer pop","Cultco Music",0.673,0.716,8,-4.982,0,0.0291,0.088,0.00256,0.209,0.727,97.925,4
4ZomBOkbVdvehlFsPCdEkH,"Rumors","Content","Joywave",2017-07-28,227386,30,s82h1sjjbsh8hjcl5n2cvahcr,2023-11-29T22:42:22Z,"indietronica,modern alternative rock,modern rock,rochester ny indie,shimmer pop","Cultco Music",0.725,0.614,7,-6.377,0,0.0337,0.00247,0.566,0.166,0.512,111.013,4
69PxR7QYOpwZU1KqfpzJUI,"Coming Apart","Possession","Joywave",2020-03-13,177573,40,s82h1sjjbsh8hjcl5n2cvahcr,2023-11-29T22:42:22Z,"indietronica,modern alternative rock,modern rock,rochester ny indie,shimmer pop","Cultco Music",0.652,0.766,0,-5.22,0,0.0321,0.000119,0.00144,0.124,0.636,118.003,4
21c5PMy3vUsxMnb7c2oX3g,"Possession","Possession","Joywave",2020-03-13,250120,27,s82h1sjjbsh8hjcl5n2cvahcr,2023-11-29T22:42:22Z,"indietronica,modern alternative rock,modern rock,rochester ny indie,shimmer pop","Cultco Music",0.619,0.782,7,-6.376,0,0.0397,0.00529,0.000215,0.105,0.3,99.984,4
6VjhjpXjoIPsgzQFiCKVsq,"Blastoffff","Possession","Joywave",2020-03-13,199053,25,s82h1sjjbsh8hjcl5n2cvahcr,2023-11-29T22:42:22Z,"indietronica,modern alternative rock,modern rock,rochester ny indie,shimmer pop","Cultco Music",0.546,0.858,4,-5.917,0,0.0931,0.00536,0.00000114,0.43,0.459,121.904,4
2rUWySudqRTf9hOnFWI0ds,"Metaphysical","Metaphysical","The Technicolors",2017-07-27,251213,25,s82h1sjjbsh8hjcl5n2cvahcr,2023-11-29T22:42:22Z,"phoenix indie","The Technicolors",0.479,0.71,8,-3.695,0,0.0427,0.00056,0.0193,0.113,0.329,120.111,4
0Sjz8pTu8vcVvGP5rtyh3Q,"Tonight You Are Mine","Ultraviolet Disguise (Deluxe Edition)","The Technicolors",2015-10-16,230000,54,s82h1sjjbsh8hjcl5n2cvahcr,2023-11-29T22:42:22Z,"phoenix indie","8123",0.634,0.6,11,-6.662,1,0.0265,0.00203,0.00569,0.0796,0.64,90.017,4
1kuGVB7EU95pJObxwvfwKS,"vampire","GUTS","Olivia Rodrigo",2023-09-08,219724,84,s82h1sjjbsh8hjcl5n2cvahcr,2023-12-04T22:24:13Z,"pop","Olivia Rodrigo PS",0.484,0.53,5,-5.821,1,0.0538,0.154,0,0.263,0.323,136.848,4
56W6hSf6ETeXCvPU9vk4xl,"Vines","Landmark","Hippo Campus",2017-02-24,159056,29,s82h1sjjbsh8hjcl5n2cvahcr,2023-11-29T22:42:23Z,"modern rock,pov: indie","Transgressive",0.672,0.789,0,-5.5,1,0.0422,0.473,0,0.0835,0.666,105.99,4
344Z5rgvMW6LJvA7rwCFYW,"Western Kids","Landmark","Hippo Campus",2017-02-24,194829,23,s82h1sjjbsh8hjcl5n2cvahcr,2023-11-29T22:42:23Z,"modern rock,pov: indie","Transgressive",0.647,0.912,0,-4.037,0,0.123,0.0395,0.000154,0.411,0.528,103.126,4
71WZTB08dpF7f2t9NUXxfH,"Little Grace","Bashful Creatures","Hippo Campus",2015-05-04,185917,19,s82h1sjjbsh8hjcl5n2cvahcr,2023-11-29T22:42:23Z,"modern rock,pov: indie","Transgressive",0.578,0.737,11,-6.897,0,0.0414,0.0517,0.0000162,0.0464,0.593,137.984,4
5LVieo8GIOR5Q7gezHlDEI,"Bashful Creatures","Bashful Creatures","Hippo Campus",2015-05-04,224933,14,s82h1sjjbsh8hjcl5n2cvahcr,2023-11-29T22:42:23Z,"modern rock,pov: indie","Transgressive",0.459,0.813,7,-3.54,1,0.0391,0.188,0,0.182,0.173,124.045,4
5C76RRTya97mOmFuKcNe6f,"Baseball","Warm Glow","Hippo Campus",2017-09-12,198106,41,s82h1sjjbsh8hjcl5n2cvahcr,2023-11-29T22:42:23Z,"modern rock,pov: indie","Transgressive",0.601,0.915,9,-3.622,1,0.0544,0.00338,0,0.105,0.59,111.511,4
3hWfXpVhqsALMNxzGcCxeI,"Warm Glow","Warm Glow","Hippo Campus",2017-09-12,358870,42,s82h1sjjbsh8hjcl5n2cvahcr,2023-11-29T22:42:23Z,"modern rock,pov: indie","Transgressive",0.444,0.445,9,-8.873,1,0.0285,0.327,0.127,0.105,0.0386,92.497,4
3AllE6eMMUwKLj7IsIJaMy,"Understand","LP3","Hippo Campus",2022-02-04,268633,36,s82h1sjjbsh8hjcl5n2cvahcr,2023-11-29T22:42:23Z,"modern rock,pov: indie","Grand Jury Music",0.535,0.537,8,-5.325,1,0.0286,0.487,0,0.101,0.14,137.958,4
474uVhyGgK5MtY9gMcDgGl,"It's Called: Freefall","How to: Friend, Love, Freefall","Rainbow Kitten Surprise",2018-04-06,152293,77,s82h1sjjbsh8hjcl5n2cvahcr,2023-11-29T22:42:23Z,"pov: indie","Elektra (NEK)",0.744,0.516,2,-6.365,1,0.0513,0.632,0,0.605,0.281,97.944,4
16ro1is6DmDKkarlJMBbzV,"When It Lands","How to: Friend, Love, Freefall","Rainbow Kitten Surprise",2018-04-06,269053,57,s82h1sjjbsh8hjcl5n2cvahcr,2023-11-29T22:42:23Z,"pov: indie","Elektra (NEK)",0.727,0.48,5,-9.278,0,0.0987,0.444,0,0.118,0.369,120.025,4
71QhgQvQDZUok0DMlYD1qy,"Seven","Seven + Mary","Rainbow Kitten Surprise",2013-11-13,225413,7,s82h1sjjbsh8hjcl5n2cvahcr,2023-11-29T22:42:23Z,"pov: indie","RKS Recordings",0.642,0.531,2,-7.243,1,0.158,0.0497,0,0.118,0.194,135.568,4
5aFGo8wHEntVxFI8IF7Wuj,"Typhoons","Typhoons","Royal Blood",2021-04-30,236933,51,s82h1sjjbsh8hjcl5n2cvahcr,2023-11-29T22:42:23Z,"brighton indie,garage rock,modern alternative rock,modern blues rock,modern hard rock,modern rock,rock","Warner Records",0.601,0.723,8,-4.364,0,0.0384,0.000347,0.0011,0.346,0.581,114.991,4
5OuJTtNve7FxUX82eEBupN,"Tommy's Party","Being So Normal","Peach Pit",2018-06-28,361760,59,s82h1sjjbsh8hjcl5n2cvahcr,2023-11-29T22:42:23Z,"pov: indie,vancouver indie","Columbia",0.565,0.438,7,-8.722,1,0.0311,0.122,0.0469,0.108,0.211,133.949,4
65sNrvOp2HLlhGTeLJ0nnk,"Being so Normal","Being So Normal","Peach Pit",2018-06-28,220066,52,s82h1sjjbsh8hjcl5n2cvahcr,2023-11-29T22:42:23Z,"pov: indie,vancouver indie","Columbia",0.541,0.583,6,-8.886,0,0.0507,0.674,0.00583,0.125,0.295,148.162,4
1H3bR7kQ1VBOb5pEJMiPdM,"Not Me","Being So Normal","Peach Pit",2018-06-28,209640,42,s82h1sjjbsh8hjcl5n2cvahcr,2023-11-29T22:42:23Z,"pov: indie,vancouver indie","Columbia",0.513,0.878,4,-5.913,0,0.0547,0.339,0.255,0.147,0.578,173.21,4
51jG0OlS5GWuunFH05NyC6,"Hot Knifer","Being So Normal","Peach Pit",2018-06-28,248746,45,s82h1sjjbsh8hjcl5n2cvahcr,2023-11-29T22:42:23Z,"pov: indie,vancouver indie","Columbia",0.644,0.247,6,-8.813,0,0.0368,0.927,0.0264,0.115,0.0876,124.667,4
0a0EYuSVqeVqV8kjN9bFYC,"Techno Show","Being So Normal","Peach Pit",2018-06-28,226613,53,s82h1sjjbsh8hjcl5n2cvahcr,2023-11-29T22:42:23Z,"pov: indie,vancouver indie","Columbia",0.605,0.724,1,-7.729,0,0.0441,0.121,0.431,0.108,0.898,89.403,4
42oBtzPU4fA5Vtfw2Xilgf,"2015","From 2 to 3","Peach Pit",2022-03-04,181603,42,s82h1sjjbsh8hjcl5n2cvahcr,2023-11-29T22:42:23Z,"pov: indie,vancouver indie","Columbia",0.483,0.535,2,-6.95,1,0.0285,0.123,0.000773,0.243,0.327,75.642,4
2Z1DE9ozMwLzbogpjyJFdC,"Last Days of Lonesome","From 2 to 3","Peach Pit",2022-03-04,225778,36,s82h1sjjbsh8hjcl5n2cvahcr,2023-11-29T22:42:23Z,"pov: indie,vancouver indie","Columbia",0.643,0.32,10,-8.017,1,0.0305,0.73,0.00000166,0.109,0.217,117.203,4
6DIMM15oo3kxnCuVypaYGy,"Give Up Baby Go","From 2 to 3","Peach Pit",2022-03-04,257006,57,s82h1sjjbsh8hjcl5n2cvahcr,2023-11-29T22:42:23Z,"pov: indie,vancouver indie","Columbia",0.683,0.697,9,-6.703,1,0.025,0.169,0.00000246,0.0527,0.591,96.729,4
38SpxensPT9J0iNbMmQIjd,"Up Granville","Up Granville","Peach Pit",2021-10-01,230747,41,s82h1sjjbsh8hjcl5n2cvahcr,2023-11-29T22:42:23Z,"pov: indie,vancouver indie","Columbia",0.647,0.614,0,-6.509,1,0.027,0.177,0,0.0617,0.262,109.039,4
6oOFa5QkmIUzgS0ikbgJqK,"First Class","Seven + Mary","Rainbow Kitten Surprise",2013-11-13,343485,15,s82h1sjjbsh8hjcl5n2cvahcr,2023-11-29T22:42:23Z,"pov: indie","RKS Recordings",0.554,0.336,1,-10.189,1,0.0351,0.581,0,0.0871,0.216,89.954,4
7J3aJEMAexwiJYKJrxaCMK,"Nightvisions","Cinema Sublimina","The Technicolors",2021-10-22,256333,22,s82h1sjjbsh8hjcl5n2cvahcr,2023-12-24T22:19:04Z,"phoenix indie","The Technicolors",0.575,0.753,0,-4.794,0,0.0352,0.00157,0.00169,0.0536,0.62,113.987,4
453BQEy1MrgzSD7ndwIujr,"Super Reflector","Cinema Sublimina","The Technicolors",2021-10-22,218827,25,s82h1sjjbsh8hjcl5n2cvahcr,2023-12-24T22:25:52Z,"phoenix indie","The Technicolors",0.473,0.635,8,-6.407,1,0.0392,0.00174,0.258,0.212,0.648,175.789,4
29fdyeNt8f4mX2nx0WvviJ,"Joybot","Cinema Sublimina","The Technicolors",2021-10-22,188435,16,s82h1sjjbsh8hjcl5n2cvahcr,2023-12-24T22:42:10Z,"phoenix indie","The Technicolors",0.262,0.935,6,-4.915,1,0.0935,0.00000962,0.11,0.165,0.535,181.801,4
3JIQcnTXoJ8RRQYvzIxPIl,"Pretty Year","Cinema Sublimina","The Technicolors",2021-10-22,299460,17,s82h1sjjbsh8hjcl5n2cvahcr,2023-12-24T22:51:42Z,"phoenix indie","The Technicolors",0.433,0.721,1,-6.097,0,0.0487,0.00639,0.256,0.113,0.203,169.866,4
3G05DblSK0kTRwE2SG7clZ,"Inexplicable","Inexpicable","The Correspondents",2016-08-05,255786,39,s82h1sjjbsh8hjcl5n2cvahcr,2023-12-25T03:39:21Z,"electro swing","FROM.OUR.OWN",0.701,0.752,10,-7.575,0,0.0437,0.015,0.000032,0.108,0.282,141.955,4
59JOMc9A6w8CkIHgs4kfNl,"Chagu's Sideturn","Being So Normal","Peach Pit",2018-06-28,210106,43,s82h1sjjbsh8hjcl5n2cvahcr,2024-01-03T23:59:50Z,"pov: indie,vancouver indie","Columbia",0.46,0.721,9,-7.261,1,0.0319,0.0835,0.0431,0.202,0.777,92.039,4
1BpmL4NBhX2P7GxuoVtojI,"You Know Me Too Well","What Did You Think When You Made Me This Way?","Nothing But Thieves",2018-10-19,233485,53,s82h1sjjbsh8hjcl5n2cvahcr,2024-02-15T21:01:55Z,"alternative pop rock,modern alternative rock,modern rock","RCA Records Label",0.605,0.688,11,-5.042,0,0.0325,0.00122,0.0036,0.277,0.773,135.931,4
1cg1D6sh1IRUbNtt9VfATV,"Gods","What Did You Think When You Made Me This Way?","Nothing But Thieves",2018-10-19,208970,43,s82h1sjjbsh8hjcl5n2cvahcr,2024-02-16T20:01:36Z,"alternative pop rock,modern alternative rock,modern rock","RCA Records Label",0.25,0.762,4,-4.949,0,0.0394,0.000108,0.000686,0.277,0.185,120.012,5
0GCENWl11MluqJbz1Dqm0i,"Forever & Ever More","What Did You Think When You Made Me This Way?","Nothing But Thieves",2018-10-19,208133,47,s82h1sjjbsh8hjcl5n2cvahcr,2024-02-23T00:42:43Z,"alternative pop rock,modern alternative rock,modern rock","RCA Records Label",0.289,0.841,8,-4.33,1,0.146,0.00582,0.00769,0.267,0.399,183.17,3
1lpxUd0kkSbVbYoUS7hLJJ,"Broken Machine","Broken Machine (Deluxe)","Nothing But Thieves",2017-09-08,234666,49,s82h1sjjbsh8hjcl5n2cvahcr,2024-02-23T00:45:19Z,"alternative pop rock,modern alternative rock,modern rock","RCA Records Label",0.652,0.667,5,-6.35,0,0.0542,0.0577,0.00000139,0.13,0.778,172.04,4
6BskUXTc6trRfmd7EPl5l6,"Impostor!","Metaphysical","The Technicolors",2017-07-27,207733,23,s82h1sjjbsh8hjcl5n2cvahcr,2024-02-23T00:49:40Z,"phoenix indie","The Technicolors",0.56,0.934,3,-3.259,0,0.0515,0.00172,0.00221,0.0907,0.678,107.971,4
1W2TYUenzUdOOuATtQIWS2,"Particles","Broken Machine (Deluxe)","Nothing But Thieves",2017-09-08,235880,53,s82h1sjjbsh8hjcl5n2cvahcr,2024-02-23T00:56:21Z,"alternative pop rock,modern alternative rock,modern rock","RCA Records Label",0.522,0.559,11,-5.151,0,0.0406,0.0021,0.00000111,0.219,0.197,153.806,4
263jAWjIxXBdHuh8xlFMLY,"I'm Not Made by Design","Broken Machine (Deluxe)","Nothing But Thieves",2017-09-08,232946,46,s82h1sjjbsh8hjcl5n2cvahcr,2024-02-23T01:29:07Z,"alternative pop rock,modern alternative rock,modern rock","RCA Records Label",0.37,0.813,8,-4.862,1,0.0625,0.0118,0.00000203,0.104,0.201,176.218,4
1eMBtkX7Ae4WHoKyMRn4wQ,"Doubt","Bambi","Hippo Campus",2018-09-28,193186,36,s82h1sjjbsh8hjcl5n2cvahcr,2024-02-23T20:33:11Z,"modern rock,pov: indie","Grand Jury",0.64,0.675,9,-5.011,1,0.0936,0.0722,0.00000108,0.206,0.698,80.921,4
7hNT08Aa0p2Wpozs1tAAoN,"Why Even Try","Bambi","Hippo Campus",2018-09-28,218000,34,s82h1sjjbsh8hjcl5n2cvahcr,2024-02-23T20:33:11Z,"modern rock,pov: indie","Grand Jury",0.597,0.635,0,-5.889,1,0.0311,0.035,0.00553,0.127,0.196,113.032,4
0y6kNbj1V0Yzj4yj997F65,"Bubbles","Bambi","Hippo Campus",2018-09-28,170466,29,s82h1sjjbsh8hjcl5n2cvahcr,2024-02-23T20:33:11Z,"modern rock,pov: indie","Grand Jury",0.549,0.318,4,-12.402,1,0.0619,0.853,0.00429,0.105,0.414,180.046,3
0ikbufjXAgnd0OdhCjEBB3,"Brighter Than the Sun","Dropped","Brick + Mortar",2015-07-17,196286,52,s82h1sjjbsh8hjcl5n2cvahcr,2024-02-29T19:06:50Z,"asbury park indie,modern alternative rock","Brick + Mortar, LLC",0.463,0.912,1,-5.008,1,0.24,0.0702,0.0153,0.136,0.346,165.07,4
5fAeD0Y8eG2EWN2e5ZRpxa,"Train","Dropped","Brick + Mortar",2015-07-17,185029,55,s82h1sjjbsh8hjcl5n2cvahcr,2024-03-19T01:52:42Z,"asbury park indie,modern alternative rock","Brick + Mortar, LLC",0.596,0.729,7,-5.82,1,0.0698,0.0433,0.151,0.135,0.56,149.999,4
5ck1miitoRTdHXS9dvQ6qh,"Puppy Grin","You and Your Friends","Peach Pit",2020-04-03,171080,42,s82h1sjjbsh8hjcl5n2cvahcr,2024-03-19T02:35:22Z,"pov: indie,vancouver indie","Columbia",0.549,0.822,2,-7.447,0,0.0362,0.00000841,0.0857,0.0944,0.52,144.952,4
0JVQDa8fsmRpwQNG38Eegn,"Feelin' Low (F*ckboy Blues)","You and Your Friends","Peach Pit",2020-04-03,177573,36,s82h1sjjbsh8hjcl5n2cvahcr,2024-03-19T02:39:16Z,"pov: indie,vancouver indie","Columbia",0.439,0.916,7,-5.496,1,0.0898,0.0148,0.0000453,0.0693,0.285,155.098,4
5HTap7v6OqB7jPT5J2Z4um,"Figure 8","You and Your Friends","Peach Pit",2020-04-03,208653,45,s82h1sjjbsh8hjcl5n2cvahcr,2024-03-19T02:39:29Z,"pov: indie,vancouver indie","Columbia",0.508,0.624,8,-9.395,1,0.0403,0.000256,0.0000033,0.146,0.415,80.099,4
2B8A2Ww4nBypZqhRZVqJPV,"Brian's Movie","You and Your Friends","Peach Pit",2020-04-03,233933,45,s82h1sjjbsh8hjcl5n2cvahcr,2024-03-19T02:39:29Z,"pov: indie,vancouver indie","Columbia",0.752,0.49,7,-8.317,1,0.0326,0.0173,0,0.0555,0.45,108.037,4
0PJzTBjOlnuujzQk3st15T,"Camilla, I'm at Home","You and Your Friends","Peach Pit",2020-04-03,257560,36,s82h1sjjbsh8hjcl5n2cvahcr,2024-03-19T02:39:29Z,"pov: indie,vancouver indie","Columbia",0.553,0.638,9,-8.04,1,0.036,0.179,0.000534,0.137,0.479,155.037,4
6TwI8Blk7g7RRzhNtB1zH5,"Second Life with Emily","You and Your Friends","Peach Pit",2020-04-03,219853,37,s82h1sjjbsh8hjcl5n2cvahcr,2024-03-19T02:39:29Z,"pov: indie,vancouver indie","Columbia",0.465,0.718,8,-7.259,1,0.0643,0.0953,0.0000769,0.333,0.515,152.13,4
2muShsusjxQTjqB8P6J7KZ,"Live at the Swamp","You and Your Friends","Peach Pit",2020-04-03,194266,37,s82h1sjjbsh8hjcl5n2cvahcr,2024-03-19T02:39:29Z,"pov: indie,vancouver indie","Columbia",0.448,0.869,6,-5.627,1,0.039,0.000105,0.0226,0.125,0.676,175.91,4
5ouGWMPxx4Lv8vUWpfGcZT,"Thursday","You and Your Friends","Peach Pit",2020-04-03,183933,36,s82h1sjjbsh8hjcl5n2cvahcr,2024-03-19T02:39:29Z,"pov: indie,vancouver indie","Columbia",0.531,0.564,10,-10.401,1,0.0544,0.0257,0.00874,0.182,0.355,121.977,4
3DVrHr0PtLCH88VO6yUNZx,"Your Teeth","You and Your Friends","Peach Pit",2020-04-03,185946,34,s82h1sjjbsh8hjcl5n2cvahcr,2024-03-19T02:39:29Z,"pov: indie,vancouver indie","Columbia",0.576,0.434,7,-12.054,1,0.0395,0.261,0.0124,0.127,0.108,120.041,4
2Q18HgXzNB1jB85EuXFgNn,"Vickie","From 2 to 3","Peach Pit",2022-03-04,223944,48,s82h1sjjbsh8hjcl5n2cvahcr,2024-03-24T03:12:22Z,"pov: indie,vancouver indie","Columbia",0.697,0.464,0,-6.019,1,0.0259,0.147,0.00000451,0.139,0.667,89.293,4
2zFfWkjDH9WPvClmhqdCea,"Pepsi on the House","From 2 to 3","Peach Pit",2022-03-04,181747,43,s82h1sjjbsh8hjcl5n2cvahcr,2024-03-24T03:22:20Z,"pov: indie,vancouver indie","Columbia",0.553,0.939,9,-4.487,1,0.0521,0.0274,0.00000397,0.0682,0.537,138.034,4
72BIYdOmoytW14M7BQYyZu,"Look Out!","From 2 to 3","Peach Pit",2022-03-04,176506,47,s82h1sjjbsh8hjcl5n2cvahcr,2024-03-24T03:25:03Z,"pov: indie,vancouver indie","Columbia",0.462,0.394,10,-8.402,1,0.0271,0.669,0.0000055,0.134,0.286,100.692,4
454I78HEySdcHE8fcVabTb,"Amsterdam","Broken Machine (Deluxe)","Nothing But Thieves",2017-09-08,272240,63,s82h1sjjbsh8hjcl5n2cvahcr,2024-03-27T03:25:13Z,"alternative pop rock,modern alternative rock,modern rock","RCA Records Label",0.511,0.934,3,-4.561,1,0.242,0.00403,0.0000348,0.242,0.668,168.062,4
6mPcRFTRglL8DWlEqqPhoj,"Adidas","You and Your Friends (Deluxe)","Peach Pit",2020-10-02,255746,37,s82h1sjjbsh8hjcl5n2cvahcr,2024-03-27T03:40:52Z,"pov: indie,vancouver indie","Columbia",0.62,0.419,0,-8.43,1,0.034,0.0324,0.000273,0.099,0.398,143.942,4
11iIikXxC6NP0Ma8vMD27x,"Alien Blues","Gawk","Vundabar",2015-07-24,155933,79,s82h1sjjbsh8hjcl5n2cvahcr,2024-03-29T21:31:44Z,"boston indie,indie garage rock,pov: indie","Gawk Records, under exclusive license to Amuseio AB",0.467,0.757,3,-5.093,1,0.033,0.0807,0.908,0.0876,0.433,82.282,4
4f0JqdYNJaPb6F2RiKGyAr,"Lips Like Yours","From 2 to 3","Peach Pit",2022-03-04,183733,39,s82h1sjjbsh8hjcl5n2cvahcr,2024-03-29T22:45:22Z,"pov: indie,vancouver indie","Columbia",0.623,0.672,9,-5.299,1,0.0318,0.465,0.00000299,0.112,0.306,98.028,4
2yqfvgPuKuPbCm2y1rJr0X,"Drips on a Wire","From 2 to 3","Peach Pit",2022-03-04,189825,37,s82h1sjjbsh8hjcl5n2cvahcr,2024-03-29T22:49:27Z,"pov: indie,vancouver indie","Columbia",0.427,0.691,10,-5.785,1,0.0368,0.111,0.0000363,0.267,0.247,118.321,4
3PUnku87booODLtX6VVHwN,"Soda","Broken Machine (Deluxe)","Nothing But Thieves",2017-09-08,236306,53,s82h1sjjbsh8hjcl5n2cvahcr,2024-03-30T22:13:54Z,"alternative pop rock,modern alternative rock,modern rock","RCA Records Label",0.501,0.506,2,-7.24,0,0.0281,0.164,0.000155,0.143,0.144,74.924,4
03HKbFZUW8yi1FBRAN0XUV,"Reset Me","Broken Machine (Deluxe)","Nothing But Thieves",2017-09-08,211013,42,s82h1sjjbsh8hjcl5n2cvahcr,2024-03-31T01:22:05Z,"alternative pop rock,modern alternative rock,modern rock","RCA Records Label",0.512,0.797,2,-3.821,0,0.0433,0.000585,0,0.0822,0.385,106.964,4
5FkLwTiK7MFKxiaRVkUBTI,"Everything About You","From 2 to 3","Peach Pit",2022-03-04,198912,39,s82h1sjjbsh8hjcl5n2cvahcr,2024-03-31T02:50:43Z,"pov: indie,vancouver indie","Columbia",0.599,0.5,6,-8.226,1,0.0592,0.289,0.0215,0.159,0.169,102.23,4
0ZK8TGOsngrstVPsnrHbK1,"Peach Pit","Sweet FA","Peach Pit",2018-06-27,287080,56,s82h1sjjbsh8hjcl5n2cvahcr,2024-04-06T02:22:28Z,"pov: indie,vancouver indie","Columbia",0.515,0.804,6,-5.345,0,0.0398,0.00322,0.00229,0.149,0.298,123.969,4
7zCT5hXuhonwRh6apVLTwT,"Old Boy","Bangs","Brick + Mortar",2013-01-01,143373,28,s82h1sjjbsh8hjcl5n2cvahcr,2024-04-12T21:33:08Z,"asbury park indie,modern alternative rock","Photo Finish / Island Records",0.616,0.824,0,-4.594,1,0.0731,0.00818,0,0.0539,0.863,87.477,4
3h76tbaYIamSeJL81X7ZwI,"Cry","Fireworks & Rollerblades","Benson Boone",2024-04-05,186359,76,s82h1sjjbsh8hjcl5n2cvahcr,2024-04-13T05:27:41Z,"singer-songwriter pop","Night Street Records, Inc./Warner Records Inc.",0.711,0.48,10,-5.251,1,0.0365,0.104,0.0000155,0.0894,0.352,107.948,4
4fY6EU3jUQQISiUR8DLXuM,"Sweet FA","Sweet FA","Peach Pit",2018-06-27,215360,48,s82h1sjjbsh8hjcl5n2cvahcr,2024-04-26T20:13:05Z,"pov: indie,vancouver indie","Columbia",0.574,0.495,1,-7.893,0,0.0479,0.137,0.000652,0.114,0.549,145.085,4
6ek0XS2AUbzrHS0B5wPNcU,"Afterlife","Broken Machine (Deluxe)","Nothing But Thieves",2017-09-08,283613,42,s82h1sjjbsh8hjcl5n2cvahcr,2024-04-26T20:43:14Z,"alternative pop rock,modern alternative rock,modern rock","RCA Records Label",0.464,0.539,11,-8.841,0,0.0297,0.464,0.00251,0.0794,0.228,174.011,4
0YJ9FWWHn9EfnN0lHwbzvV,"Jigsaw Falling Into Place","In Rainbows","Radiohead",2007-12-28,248893,75,s82h1sjjbsh8hjcl5n2cvahcr,2024-04-26T20:53:35Z,"alternative rock,art rock,melancholia,oxford indie,permanent wave,rock","XL Recordings",0.462,0.832,11,-6.085,0,0.0479,0.108,0.00416,0.0741,0.807,165.653,4
4Iuy42CUwlCSGa6NNm1Bh6,"Welcome to the DCC","Dead Club City (Deluxe)","Nothing But Thieves",2024-03-15,197557,36,s82h1sjjbsh8hjcl5n2cvahcr,2024-04-26T21:00:13Z,"alternative pop rock,modern alternative rock,modern rock","RCA Records Label",0.656,0.748,9,-4.759,0,0.0589,0.0201,0.0563,0.129,0.202,121.052,4
34dlJucpSRMmnLU37s59ZN,"Tomorrow Is Closed","Dead Club City (Deluxe)","Nothing But Thieves",2024-03-15,238442,37,s82h1sjjbsh8hjcl5n2cvahcr,2024-04-26T21:04:38Z,"alternative pop rock,modern alternative rock,modern rock","RCA Records Label",0.334,0.835,1,-4.695,0,0.0785,0.000785,0.00396,0.155,0.413,182.118,4
53U5WlCQpdcccOxfALZS0X,"Keeping You Around","Dead Club City (Deluxe)","Nothing But Thieves",2024-03-15,215338,34,s82h1sjjbsh8hjcl5n2cvahcr,2024-04-26T21:08:52Z,"alternative pop rock,modern alternative rock,modern rock","RCA Records Label",0.692,0.733,10,-5.351,1,0.0459,0.174,0.611,0.309,0.484,138.024,4
3CyFeC8sy0VeKliMwH0qvK,"City Haunts","Dead Club City (Deluxe)","Nothing But Thieves",2024-03-15,191389,34,s82h1sjjbsh8hjcl5n2cvahcr,2024-04-26T21:57:35Z,"alternative pop rock,modern alternative rock,modern rock","RCA Records Label",0.65,0.811,9,-5.187,0,0.0352,0.00771,0.00196,0.136,0.76,113.01,4
65lvXrRGAvYk51Ur9cid6z,"Do You Love Me Yet?","Dead Club City (Deluxe)","Nothing But Thieves",2024-03-15,326449,36,s82h1sjjbsh8hjcl5n2cvahcr,2024-04-29T20:06:42Z,"alternative pop rock,modern alternative rock,modern rock","RCA Records Label",0.65,0.801,1,-6.183,1,0.033,0.0146,0.000574,0.108,0.313,123.01,4
0SBariQWfKjoslW2XSIFOm,"Seventeen","Sweet FA","Peach Pit",2018-06-27,216426,51,s82h1sjjbsh8hjcl5n2cvahcr,2024-04-30T04:30:21Z,"pov: indie,vancouver indie","Columbia",0.559,0.89,11,-5.188,1,0.0387,0.00837,0.00759,0.103,0.809,91.509,4
42Ej3pnsLQKSPZeZvpetNH,"Green Eyes :: Siena","Dead Club City (Deluxe)","Nothing But Thieves",2024-03-15,228927,32,s82h1sjjbsh8hjcl5n2cvahcr,2024-05-03T00:41:10Z,"alternative pop rock,modern alternative rock,modern rock","RCA Records Label",0.245,0.298,9,-11.434,1,0.0342,0.918,0.905,0.107,0.109,77.494,3
3cenOBNIfPFN4X7HRIJnUu,"Talking To Myself","Dead Club City (Deluxe)","Nothing But Thieves",2024-03-15,255909,31,s82h1sjjbsh8hjcl5n2cvahcr,2024-05-03T00:59:23Z,"alternative pop rock,modern alternative rock,modern rock","RCA Records Label",0.742,0.58,9,-7.089,0,0.0352,0.362,0.000408,0.32,0.62,119.994,4
4FqigeYVrLFn3yFeUV6m1U,"Oh No :: He Said What?","Dead Club City (Deluxe)","Nothing But Thieves",2024-03-15,228138,54,s82h1sjjbsh8hjcl5n2cvahcr,2024-05-04T21:57:24Z,"alternative pop rock,modern alternative rock,modern rock","RCA Records Label",0.653,0.917,4,-3.511,0,0.0446,0.0052,0.000383,0.413,0.787,120.547,4
11QL0ypp9YLOvTvArX76tt,"Time :: Fate :: Karma :: God","Dead Club City (Deluxe)","Nothing But Thieves",2024-03-15,183849,50,s82h1sjjbsh8hjcl5n2cvahcr,2024-05-04T22:01:06Z,"alternative pop rock,modern alternative rock,modern rock","RCA Records Label",0.484,0.833,3,-4.499,0,0.0407,0.000522,0.428,0.209,0.753,169.978,4
2qTxyfpCpP3Tm0KPSmH7QF,"Pure You","Dead Club City (Deluxe)","Nothing But Thieves",2024-03-15,211676,41,s82h1sjjbsh8hjcl5n2cvahcr,2024-05-04T22:05:22Z,"alternative pop rock,modern alternative rock,modern rock","RCA Records Label",0.503,0.358,7,-7.979,1,0.0294,0.0877,0.00342,0.1,0.101,105.004,3
21gA87I4UP9oGRcwJg0ZWT,"Everything At Once","Everything At Once","Hippo Campus",2024-04-30,229026,41,s82h1sjjbsh8hjcl5n2cvahcr,2024-05-12T19:42:45Z,"modern rock,pov: indie","Psychic Hotline",0.494,0.696,0,-4.943,1,0.0317,0.205,0.0000257,0.117,0.369,170.158,4
3D4FaaVBLGqCbpyDdowmbC,"The Halocline","The Halocline - Single","Hippo Campus",2015-08-31,383353,21,s82h1sjjbsh8hjcl5n2cvahcr,2024-05-12T19:45:20Z,"modern rock,pov: indie","Grand Jury Music",0.536,0.306,4,-8.841,1,0.0304,0.574,0.00383,0.0815,0.0379,125.926,3
4oD8WLd2vnV8ioZ7TdZz9J,"Denny's Garage","You and Your Friends (Deluxe)","Peach Pit",2020-10-02,215733,41,s82h1sjjbsh8hjcl5n2cvahcr,2024-06-01T04:47:12Z,"pov: indie,vancouver indie","Columbia",0.552,0.835,7,-6.897,1,0.0395,0.00141,0.0295,0.0465,0.579,156.016,4
7GwXIkPT4jxQ2q6mhOmoHM,"Simple Season","Landmark","Hippo Campus",2017-02-24,207133,41,s82h1sjjbsh8hjcl5n2cvahcr,2024-06-02T03:01:36Z,"modern rock,pov: indie","Grand Jury (RED)",0.598,0.784,8,-4.376,1,0.0337,0.514,0,0.123,0.597,105.009,4
2vfGITBrVJaPYSgKaKJv9Z,"Sleeping On The Ceiling","Sleeping On The Ceiling","Friday Pilots Club",2023-06-08,118200,54,s82h1sjjbsh8hjcl5n2cvahcr,2024-06-05T01:04:00Z,"indie rockism,modern alternative rock","Friday Pilots Club",0.557,0.957,7,-4.994,1,0.0762,0.0261,0.0000298,0.365,0.889,74.963,4
4BvqICBxZKegbqBFnJwprT,"Graveyard Shift","Polygon","Battle Tapes",2015-11-20,245040,20,s82h1sjjbsh8hjcl5n2cvahcr,2024-06-05T01:07:54Z,"la indie","Battle Arts",0.42,0.884,2,-3.09,0,0.0623,0.0705,0.0002,0.118,0.347,118.002,4
1MsU7LDRTqvMaKbptPp72z,"For The Wicked","For The Wicked","Friday Pilots Club",2021-09-10,173933,57,s82h1sjjbsh8hjcl5n2cvahcr,2024-06-06T19:33:46Z,"indie rockism,modern alternative rock","Friday Pilots Club",0.589,0.923,5,-4.184,1,0.0571,0.0143,0.00000182,0.214,0.839,134.953,4
5ufLmXanFrdoW4zr5ytn6q,"Nowhere","Nowhere","Friday Pilots Club",2024-05-09,151200,47,s82h1sjjbsh8hjcl5n2cvahcr,2024-06-06T23:52:40Z,"indie rockism,modern alternative rock","Friday Pilots Club",0.46,0.814,2,-5.331,1,0.0477,0.00113,0.000379,0.554,0.531,174.091,4
6RWNyBKaBMzySlOmecgGF1,"Vampire Disco","Nowhere","Friday Pilots Club",2024-05-09,187200,50,s82h1sjjbsh8hjcl5n2cvahcr,2024-06-06T23:57:37Z,"indie rockism,modern alternative rock","Friday Pilots Club",0.559,0.767,2,-5.732,1,0.0618,0.00988,0.00000785,0.259,0.275,115.036,4
0W9jWMTASe0JmydIrXwSEz,"Spectator","Nowhere","Friday Pilots Club",2024-05-09,183133,50,s82h1sjjbsh8hjcl5n2cvahcr,2024-06-08T01:59:00Z,"indie rockism,modern alternative rock","Friday Pilots Club",0.805,0.548,4,-5.79,1,0.0348,0.018,0.0000974,0.292,0.843,105.016,4
2HaKpcUFG4pISnRGRPNCXf,"Trading Punches","Nowhere","Friday Pilots Club",2024-05-09,181200,39,s82h1sjjbsh8hjcl5n2cvahcr,2024-06-11T17:01:30Z,"indie rockism,modern alternative rock","Friday Pilots Club",0.425,0.82,11,-6.458,0,0.196,0.0128,0,0.0871,0.504,175.954,4
3FJNCPGHC1SuSZLASnJz6F,"Nothing Or Forever","Nowhere","Friday Pilots Club",2024-05-09,194000,44,s82h1sjjbsh8hjcl5n2cvahcr,2024-06-11T03:41:43Z,"indie rockism,modern alternative rock","Friday Pilots Club",0.36,0.888,8,-5.361,0,0.0879,0.0000245,0.0000558,0.0815,0.347,178.865,4
2XuPie2yhuuI8bMsyTnCoz,"Nosedive","Nowhere","Friday Pilots Club",2024-05-09,154400,39,s82h1sjjbsh8hjcl5n2cvahcr,2024-06-11T03:39:12Z,"indie rockism,modern alternative rock","Friday Pilots Club",0.454,0.937,5,-4.863,0,0.11,0.000331,0.000206,0.267,0.306,89.995,4
3xWfU050CdtMRsIDF1xTIu,"Coffin","Nowhere","Friday Pilots Club",2024-05-09,191000,38,s82h1sjjbsh8hjcl5n2cvahcr,2024-06-11T03:06:32Z,"indie rockism,modern alternative rock","Friday Pilots Club",0.241,0.58,2,-7.138,1,0.0413,0.29,0.00000757,0.132,0.32,144.907,4
7Gzs6HvJBEBSxsNkXwBqay,"We Don't Wanna Talk","Nowhere","Friday Pilots Club",2024-05-09,159800,55,s82h1sjjbsh8hjcl5n2cvahcr,2024-06-11T17:38:05Z,"indie rockism,modern alternative rock","Friday Pilots Club",0.674,0.753,10,-4.269,0,0.0423,0.0237,0,0.0795,0.6,112.001,4
16bkNDtq9OSurZvRWZqnwd,"Outta My Body","Nowhere","Friday Pilots Club",2024-05-09,172200,43,s82h1sjjbsh8hjcl5n2cvahcr,2024-06-15T05:06:07Z,"indie rockism,modern alternative rock","Friday Pilots Club",0.67,0.78,7,-5.596,1,0.138,0.0428,0.000464,0.564,0.904,154.997,4
6hI1ap6QYknp45MChTuKvc,"Ultraviolet (Obsession)","Nowhere","Friday Pilots Club",2024-05-09,213200,38,s82h1sjjbsh8hjcl5n2cvahcr,2024-06-11T03:14:08Z,"indie rockism,modern alternative rock","Friday Pilots Club",0.481,0.539,8,-6.512,1,0.0344,0.0134,0.0000701,0.19,0.491,74.989,4
6odchII2Y3OwO23myjax41,"Atlas","Nowhere","Friday Pilots Club",2024-05-09,87200,33,s82h1sjjbsh8hjcl5n2cvahcr,2024-06-11T03:10:00Z,"indie rockism,modern alternative rock","Friday Pilots Club",0.499,0.286,4,-12.802,1,0.0389,0.395,0.0834,0.224,0.304,126.008,4
1yAF4KkVSbZHkmdr8t5eBL,"Favorite Part","Nowhere","Friday Pilots Club",2024-05-09,236800,36,s82h1sjjbsh8hjcl5n2cvahcr,2024-06-11T17:01:47Z,"indie rockism,modern alternative rock","Friday Pilots Club",0.32,0.5,2,-7.677,1,0.0357,0.2,0.0000065,0.103,0.207,171.671,4
17D3saZiiduvOg7Bg6ebGw,"Dollar Bill","South","Hippo Campus",2015-10-02,251601,28,s82h1sjjbsh8hjcl5n2cvahcr,2024-06-19T04:14:18Z,"modern rock,pov: indie","Grand Jury Music",0.407,0.79,0,-5.895,1,0.0416,0.114,0.000277,0.112,0.403,134.976,4
0ldp8GXM8tL1dI6WtxI1D5,"Tooth Fairy","Tooth Fairy","Hippo Campus",2024-06-04,199400,40,s82h1sjjbsh8hjcl5n2cvahcr,2024-06-24T02:32:24Z,"modern rock,pov: indie","Psychic Hotline",0.649,0.691,9,-5.281,1,0.0468,0.135,0.0000048,0.0988,0.575,102.927,4
0awZwmlC6pxH65KTZpadmX,"Freakin' Out On the Interstate","Freakin' Out On The Interstate (Acoustic Version [Live])","Briston Maroney",2020-07-10,251906,68,s82h1sjjbsh8hjcl5n2cvahcr,2024-06-24T03:15:58Z,"nashville indie,pov: indie","Canvasback/ATL",0.45,0.794,4,-5.015,1,0.0538,0.388,0,0.303,0.362,143.861,4
4nGgHg7tCUYVZtPDDVgm92,"Body","Ultrapure","Briston Maroney",2023-09-22,200546,48,s82h1sjjbsh8hjcl5n2cvahcr,2024-06-24T03:23:11Z,"nashville indie,pov: indie","Canvasback",0.561,0.849,6,-6.625,0,0.0518,0.0000447,0.0126,0.314,0.553,130.007,4
6Ez7j7MPocvayb7J7WlaR7,"Paranoid","Paranoid","Hippo Campus",2024-07-16,221373,46,s82h1sjjbsh8hjcl5n2cvahcr,2024-07-19T02:32:11Z,"modern rock,pov: indie","Psychic Hotline",0.626,0.837,5,-4.648,0,0.0545,0.178,0.000283,0.2,0.56,96.986,4
4C0P5aJsVTkqXgVeAl83Iy,"June","Big Shot","Briston Maroney",2017-12-08,284226,55,s82h1sjjbsh8hjcl5n2cvahcr,2024-07-19T03:02:15Z,"nashville indie,pov: indie","Canvasback",0.404,0.534,2,-7.968,1,0.0892,0.242,0,0.106,0.0789,164.182,4
5fbyIk5uQsiLHti6LdJwqw,"Overcome","Dead Club City (Deluxe)","Nothing But Thieves",2024-03-15,214723,37,s82h1sjjbsh8hjcl5n2cvahcr,2024-07-28T22:39:57Z,"alternative pop rock,modern alternative rock,modern rock","RCA Records Label",0.413,0.876,11,-4.577,1,0.057,0.000938,0.000104,0.387,0.341,164.08,4
3anY9RPWjZDyQB2crpJa4X,"Foreign Language","Dead Club City (Deluxe)","Nothing But Thieves",2024-03-15,234269,33,s82h1sjjbsh8hjcl5n2cvahcr,2024-07-28T22:40:02Z,"alternative pop rock,modern alternative rock,modern rock","RCA Records Label",0.369,0.705,9,-5.971,0,0.0363,0.00052,0.0000125,0.13,0.433,163.863,4
106jJ3BB8pJxWr3lh0azzm,"Members Only","Dead Club City (Deluxe)","Nothing But Thieves",2024-03-15,169133,34,s82h1sjjbsh8hjcl5n2cvahcr,2024-07-28T22:40:05Z,"alternative pop rock,modern alternative rock,modern rock","RCA Records Label",0.422,0.804,11,-5.205,1,0.0669,0.000116,0.0593,0.313,0.426,171.074,4
1tvp3arMMvpDAEgw3tKtRU,"Breathe","Ultrapure","Briston Maroney",2023-09-22,181920,30,s82h1sjjbsh8hjcl5n2cvahcr,2024-07-28T22:40:44Z,"nashville indie,pov: indie","Canvasback",0.654,0.606,9,-7.586,1,0.0311,0.112,0,0.165,0.424,130.969,4
1v08WocoiKJ2K4Xq9Oi8Oj,"Sunshine","Ultrapure","Briston Maroney",2023-09-22,217293,38,s82h1sjjbsh8hjcl5n2cvahcr,2024-07-28T22:49:02Z,"nashville indie,pov: indie","Canvasback",0.601,0.612,0,-7.143,1,0.0446,0.0415,0,0.118,0.346,90.06,4
20xJ898ISHHZyJDRzWgDiD,"Delaware","Ultrapure","Briston Maroney",2023-09-22,197973,30,s82h1sjjbsh8hjcl5n2cvahcr,2024-07-28T22:52:00Z,"nashville indie,pov: indie","Canvasback",0.634,0.293,8,-9.417,1,0.0323,0.494,0,0.343,0.32,82.978,4
1Qv1K2UaXTyCjppspCtNoS,"Honey Whiskey","Nothing But Thieves (Track by Track)","Nothing But Thieves",2015-10-09,191960,43,s82h1sjjbsh8hjcl5n2cvahcr,2024-07-30T03:01:21Z,"alternative pop rock,modern alternative rock,modern rock","RCA Records Label",0.461,0.762,5,-5.148,0,0.0654,0.0242,0.00000452,0.211,0.64,179.853,4
7M3PcQcMbzxq3ZtegVSPsb,"I Don't Care","Friday Pilots Club","Friday Pilots Club",2021-05-07,233629,38,s82h1sjjbsh8hjcl5n2cvahcr,2024-07-30T03:04:16Z,"indie rockism,modern alternative rock","Big Machine Records / John Varvatos Records",0.583,0.573,8,-5.42,1,0.0811,0.208,0,0.285,0.783,184.062,4
5ruzrDWcT0vuJIOMW7gMnW,"The Adults Are Talking","The New Abnormal","The Strokes",2020-04-10,309053,78,s82h1sjjbsh8hjcl5n2cvahcr,2024-07-30T19:23:25Z,"alternative rock,garage rock,modern rock,permanent wave,rock","Cult Records/RCA Records",0.593,0.749,5,-5.67,1,0.0475,0.0113,0.106,0.314,0.649,164.959,4
7w87IxuO7BDcJ3YUqCyMTT,"Pumped Up Kicks","Torches","Foster The People",2011-05-23,239600,85,s82h1sjjbsh8hjcl5n2cvahcr,2024-08-09T16:18:09Z,"indietronica,modern alternative rock,modern rock,rock","Columbia",0.733,0.71,5,-5.849,0,0.0292,0.145,0.115,0.0956,0.965,127.975,4
1yzbqrSF0vuaO7nuKYSd6f,"Coming of Age","Supermodel","Foster The People",2014-03-14,280040,52,s82h1sjjbsh8hjcl5n2cvahcr,2024-08-09T16:18:47Z,"indietronica,modern alternative rock,modern rock,rock","Columbia",0.534,0.955,7,-4.447,0,0.0524,0.0219,0.00573,0.322,0.425,130.09,4
1NCpNh3FtNEFIDOx22umJW,"Fire Escape","Supermodel","Foster The People",2014-03-14,262133,38,s82h1sjjbsh8hjcl5n2cvahcr,2024-08-09T16:19:03Z,"indietronica,modern alternative rock,modern rock,rock","Columbia",0.52,0.046,4,-18.043,1,0.0401,0.922,0.000603,0.357,0.0777,103.501,4
0upcwsWXAgtSFAG72Ry9em,"A Beginner's Guide to Destroying the Moon","Supermodel","Foster The People",2014-03-14,279680,47,s82h1sjjbsh8hjcl5n2cvahcr,2024-08-23T22:38:07Z,"indietronica,modern alternative rock,modern rock,rock","Columbia",0.515,0.913,8,-4.345,1,0.0524,0.000257,0.00174,0.284,0.266,119.989,4
78bu4n5qQrykz0OFKVOo48,"The Truth","Supermodel","Foster The People",2014-03-14,269520,37,s82h1sjjbsh8hjcl5n2cvahcr,2024-08-23T22:41:27Z,"indietronica,modern alternative rock,modern rock,rock","Columbia",0.516,0.804,8,-7.524,1,0.0478,0.0103,0.0115,0.0981,0.263,134.998,4
5FCVGQR6hEjneW8vPpeCk7,"Goats in Trees","Supermodel","Foster The People",2014-03-14,309880,35,s82h1sjjbsh8hjcl5n2cvahcr,2024-08-23T22:44:16Z,"indietronica,modern alternative rock,modern rock,rock","Columbia",0.568,0.423,2,-11.305,1,0.025,0.67,0.00304,0.268,0.399,79.03,4
6vtLtrPHZAo5OUy1Sk9BTH,"Ask Yourself","Supermodel","Foster The People",2014-03-14,263400,41,s82h1sjjbsh8hjcl5n2cvahcr,2024-08-23T22:49:02Z,"indietronica,modern alternative rock,modern rock,rock","Columbia",0.47,0.89,2,-4.672,1,0.0456,0.000798,0.0000123,0.196,0.628,154.982,4
4PZzEAYfBb26M5Fhm8xbZd,"Nevermind","Supermodel","Foster The People",2014-03-14,317693,44,s82h1sjjbsh8hjcl5n2cvahcr,2024-08-23T22:52:27Z,"indietronica,modern alternative rock,modern rock,rock","Columbia",0.489,0.83,6,-5.068,0,0.0332,0.211,0.000122,0.0962,0.364,84.946,4
6eKEJZFWllRX4UALhPU967,"Pseudologia Fantastica","Supermodel","Foster The People",2014-03-14,331186,40,s82h1sjjbsh8hjcl5n2cvahcr,2024-08-23T23:05:09Z,"indietronica,modern alternative rock,modern rock,rock","Columbia",0.286,0.892,5,-3.767,0,0.0731,0.000561,0.00016,0.157,0.374,172.016,4
0KzAbK6nItSqNh8q70tb0K,"Where Is My Mind?","Death to the Pixies","Pixies",1997-10-06,229226,72,s82h1sjjbsh8hjcl5n2cvahcr,2024-08-23T22:56:14Z,"alternative rock,boston rock,permanent wave,rock","4AD",0.513,0.442,4,-13.529,1,0.0343,0.00731,0.000838,0.0878,0.243,81.201,4
2KGbe11xuFTb1L7VSb6QDR,"Forget It","Forget It","Hippo Campus",2024-08-13,241786,46,s82h1sjjbsh8hjcl5n2cvahcr,2024-08-23T23:13:45Z,"modern rock,pov: indie","Psychic Hotline",0.615,0.739,9,-6.435,1,0.033,0.134,0.00000188,0.0979,0.579,110.99,4
2ghZbiC9CbdmrHkH5nIquF,"Magpie","Magpie","Peach Pit",2024-08-23,241290,57,s82h1sjjbsh8hjcl5n2cvahcr,2024-08-25T07:40:47Z,"pov: indie,vancouver indie","Columbia",0.148,0.887,0,-3.906,1,0.039,0.000361,0.29,0.167,0.364,184.552,4
6qtGeawfnmQMUWyQ95LdIL,"See You In The Afterlife","Paradise State of Mind","Foster The People",2024-08-16,189099,60,s82h1sjjbsh8hjcl5n2cvahcr,2024-09-01T01:13:02Z,"indietronica,modern alternative rock,modern rock,rock","Atlantic Records",0.753,0.842,3,-4.512,0,0.0375,0.0347,0.000247,0.697,0.961,122.528,4
0d28khcov6AiegSCpG5TuT,"Feel Good Inc.","Demon Days","Gorillaz",2005-05-23,222640,82,s82h1sjjbsh8hjcl5n2cvahcr,2024-09-13T22:38:16Z,"alternative hip hop,modern rock,rock","Parlophone UK",0.818,0.705,6,-6.679,1,0.177,0.00836,0.00233,0.613,0.772,138.559,4
5bwX27BYWQDeUj5qVCTGc6,"Prayer Man","Flood","Hippo Campus",2024-09-20,218453,50,s82h1sjjbsh8hjcl5n2cvahcr,2024-09-20T20:20:41Z,"modern rock,pov: indie","Psychic Hotline",0.627,0.527,11,-7.204,1,0.0364,0.0888,0.000106,0.103,0.551,143.932,4
1j4BkEFGLcBysD9SbnT4ld,"Did You Love Somebody","Did You Love Somebody","Peach Pit",2024-09-20,249178,57,s82h1sjjbsh8hjcl5n2cvahcr,2024-09-22T22:14:00Z,"pov: indie,vancouver indie","Columbia",0.637,0.487,0,-11.014,1,0.0328,0.842,0.0116,0.123,0.142,96.044,4
13QI6bq0U8HMK7gUpAwFBK,"Trip Switch","Nothing But Thieves (Track by Track)","Nothing But Thieves",2015-10-09,181146,52,s82h1sjjbsh8hjcl5n2cvahcr,2024-10-06T21:39:32Z,"alternative pop rock,modern alternative rock,modern rock","RCA Records Label",0.65,0.807,10,-4.157,0,0.0698,0.0197,0.00611,0.094,0.77,88.475,4
